candidateId,code,evidence
"cand-8a6a0c68-8d28-563e-86f2-4dbe7efa25b9","COURSE_CONFLICT","[""1bach-mates"",""4eso-b"",""3eso"",""1bach-ccss"",""2bach-ccss"",""2bach-mates"",""sin-determinar""]"
"cand-8a6a0c68-8d28-563e-86f2-4dbe7efa25b9","ANSWER_CONFLICT","[""f'(1)=1"",""y=6x−13"",""0"",""R menos {3}"",""3x²"",""120"",""7"",""3"",""5sqrt(2)"",""Cateto opuesto / hipotenusa"",""(3,4)"",""Una circunferencia"",""Irracional y real"",""4 - 3i"",""x = 2 o x = 3"",""5pi/6"",""(4, 5)"",""Centro (2,-3), radio 4"",""5"",""12x^2 - 2"",""y = 2x - 1"",""3/8"",""Cualitativa nominal"",""36"",""1"",""10"",""5√(2)"",""6+2i"",""x=2 o x=3"",""x>3"",""R menos {2}"",""x=1 o x=3"",""P(A)·P(B)"",""rango(A)=3 para todo a∈ℝ."",""Sí, únicamente para a=0."",""SCD si a≠2,5; SI si a=2; SCI si a=5."",""x+y+z=157; x+2y+3z=278; x=kz."",""rango(A)=2."",""a=-2 o a=1."",""P'=(-1,0,4)."",""3√5 unidades."",""e²."",""a=1 y b=1."",""P(B)=0,2 y P(A∩B̄)=0,1."",""P(A|B)=1/2 y P(B|A)=1/2."",""11/156."",""7/11."",""a=1 y b=2."",""Sí, para a=0."",""det(A)=a, det(A·A)=a² y det(Aⁿ)=aⁿ."",""El rango de A es 3 para todo valor real de a."",""2."",""r:{x=1; y=t; z=-2t}."",""No tienen ningún punto común y se cortan dos a dos en rectas paralelas."",""s:{x=t; y=1+t; z=t}."",""√2."",""α=arccos(8/√66)."",""r:(x,y,z)=(2,-1,3)+t(-4,5,2)."",""A las 2 horas; la concentración máxima es 3 mg/l."",""+∞."",""0,96."",""frac{11}{156}≈0,0705."",""frac{1}{6}."",""0,84."",""0,8208."",""233/9"",""5√2"",""30 euros"",""x=-6"",""x=4, y=3"",""15"",""40 cm^2"",""6√2"",""x ≥ 5"",""2"",""11"",""32"",""x = 8"",""3/4"",""16"",""42"",""6,25"",""180º"",""5x"",""1/6"",""28"",""14"",""2^12"",""x = 6"",""Inecuaciones"",""X = [[3, 3], [4, 6]] Y = [[1, 3], [-2, 7]]"",""Si a = 10, el sistema es compatible determinado y (x, y, z) = (11, 6, 4). Si a ≠ 10, es incompatible."",""1/4"",""a=0 y b=3; es continua en todo ℝ y no es derivable en x=0 ni en x=1"",""a=7, b=-5 y f^(2008)(x)=7·sen(x)-5·cos(x)"",""325 unidades"",""I = -(1/6) ln|x| - (2/15) ln|x+3| + (3/10) ln|x-2| + C"",""k=1 y área=17/6"",""[[-1,4],[-1,3]]"",""x=2, y=3"",""(20,20), F=1600"",""4"",""f'(x)=3x^2-6x"",""x³ - 2x² + x + C"",""8"",""0,49"",""0,81"",""1080"",""(x-3)(x+3)"",""-2"",""x³ + C"",""n·p""]"
"cand-8a6a0c68-8d28-563e-86f2-4dbe7efa25b9","SOLUTION_CONFLICT","[""8871880fbae0e69289d0e80cafa86a3a75856b9472d815a49d90cb83d5cdab85"",""8e24bb0ae8748ff4013e98c609f1e67ca6946908854e124bd40886f377b13d83"",""18c3663d637a3e676155e6a5957bf951cffcf30b704ef5970df5834a7629cb05"",""1797855fce979f8479c0fbda479c1700a4d034ba9b981ede14f81d9308954426"",""b80bd986a6d1c7004e6779870e7c510099b3f4174cd32534a381d0d8df959b31"",""93663261b0492a4f151e175d637841313db0cca2c14a879b412f8b11c824a654"",""7df75530c870a7e7f3a5b95cb0e3668c2ef41f265b6f4f2709532005e692da4a"",""010febf908520b937eb8f009a5b288e23bde97801016ccd133f98ceb4ee725bf"",""f3d7e21602e2896039348a7a751cc0239270d0b70705740999da97cbbf84df8e"",""2154c5fe327695dca20c17d5fe17a5faf056116d1238560081251d152a5385c4"",""f33bfe61d3d246a3f783876718babe81856ac944d108b58d7ac5bc22715bddfb"",""e1311ff4cec07c73c62b9377d2ec86fa0cc2ee78b6ea93a070b1a7fcd6e8203e"",""fffc49f695f117cfe6a95525179908209589da460b93368e0440a94beb7b4de7"",""c2fadd13ddf88ebe35089ad53e783488fcf348c6f6cb14ef42209c23740bd4d3"",""bf9c1e70f3175282812a5c4fb70c7e8910fc3a18a42953dc6b66796417988b47"",""9e4b736194c49bccc01162ba7a19b0de67182df08b532cbe3b2a0f33d4375075"",""b2df9384719b26bd465548969e9f220e7ce84faa4aab0991117b941bcf8d2f73"",""146d7796ad8fdb43f4cc6c25b81bc8a4be6bd05b4c14685a5b433cd50d1241d2"",""685e517c20ed04e28026d1306b628ba37649ca203b6904e505dcab9c65450c5c"",""8d95456a350f6f5990cbf483676a715094eb226526f2a902d7118f63191c0de5"",""4092fad68a97016a4c94129a689811cdc1195c64f8eccc044d808e7cbb9aa79c"",""aac54bf170ff7a2a700ece5ec700550470586878199768b549ea24b7ec04d916"",""dcbf9d35a9ee4911735e5c8f4bb58bcde7abf2356cea786c537b8f173992cd79"",""980dbbb308e2922580df0efdef6c794c94094b0d4b040fe5bc241a6438f6670a"",""225a5cbcf6f55898f4adba04c0baa607f07fac032e0867231638fc5917a4d359"",""3f8f03583b304b03b54c0b8ece8cbd0b6c487a46fb78ca1f322a303b7a4556a1"",""ed52bf464ec73644db95d5d9713cefc98aca2cdc5207b11d4625b84939f2c8c0"",""aa9cbc1981f6657b5b13c55274a1c26e99509c4efdff63b2e54204d9d562ff45"",""7c43485a232b85197ec927fd48d7087e2962e434578aea154ff654e7df80789e"",""d66dbdddb2ac23dff18b6c2ca7227228031de82ce68c087ae39393c06b11095a"",""8da9e9b6aeba6773604fa2e48de84c641a60eafbce2f9728679ebd5b5da55ea8"",""c84cd3a5b680ab02815b57d5d57757b75da9a39ebaec7cd0636e8f13051cccda"",""9ae6610c35cc929389f46b0f2efc20773c654bbe888cb15ab4f0d121920c63b4"",""3def70a1f201cb54010f3d950c89c78e4db18ce0961f18cf80a6ce0236825d0d"",""5a6d976fa43151286cdfcdf521fe33817799ca219b2f89c60ad9ed9bd86228d7"",""b885dd2fb9ad9c0e2b22515a1dc4c5ec7d5eb53a24849f29324c543762fdc35f"",""1f95e2af56a5e6b3990339a061b49454b13aaecb958c77b9db0fd92c861ce447"",""87fdc4c516a365346fb4e7900ae6a38bfa820645b2f15b145667210906ab62ef"",""f9fe5d85f93bc553b3dbda494af075b872311d848b5e9a8ef1a564bbf1a583ae"",""7017519d5e41ae48d6e9070c3f36ecf09ee658c6d7b0801524451edf0578e902"",""3c7384f4c64f338c20cfec552f0489e2340196fee7374b32c3a98d46f04b9d6f"",""47a82111f3f2d3b0b2739cf894bc84ebae26a019bfe1c1ad2728f4e5fda13135"",""419f5b941174aeef234d8b2a4a11f62f410b5ca41f210fdb54700f7e440e3fac"",""b76d284b64e525190614f7fbc0499bfbfa14c60296f67ca477bf048243b67f42"",""6cd2197211e5e5a1ed66f2aac1cda15d6aee66a65b24b6d8a8886244e4b15b9f"",""240d8ca361d47c7be2884d4b2ed0ca1ba2bfde9b91d6beba99cd800237c78b84"",""310c08859243cde05bc77e5d3e2d72642b36098cf696888faff01c89796668a4"",""7ba5f17678178c533d725942ad29979ce5db4e9515e3f3a808a40a122f0078d8"",""b19ca58733dab03fbbf30e2f0ef2e11cbf86aaaddb231707d2f135959366887b"",""1330e5bc08a7479952777902c96da65d4eecca2188c66fc06c860bcbb1b1ec85"",""b24d1875e5a726c564355bec24cf75f3ebaccf0217b9ced04556b243c875004f"",""131c7a71801472802180bd39b6ca392b0f698c1ade47cda4198ee4c433fa7921"",""654f31bf5276d8938004ee8eed2491a4827ab76e5fd511c594cf65b71504cc5f"",""46f234c77be009b63390781c32f778d301fa0d5a444fbcfcf0ffa2ff823150c4"",""14e08eb8824a6ae915d1e3064f83c894098cc46d942039be3e047abe4f2ca4e6"",""9751f7a20d2a4669ca95775626363eaa1f36db8cc948a2ad342a682166936f60"",""990f20d53a79412ded27394817af8283586f640d95d6e81914ef9ae7d3bd24c0"",""801d19f78cf16c410739daba92b08bd326b02fa20af3f8fb80f3a9f219a0eb4f"",""4b4764e26ead7b1809a22ab03834c904de673eb80b7733d5921c41d2c1f3639f"",""5b4aa2c2ba00f7f203269cb2dc48b6d7a6fe7d1ce910384dd70c780439e12008"",""5bf3d1f3981fc9f34085bf65e68171a67a5addf8683a8d3b899664db0f2528b6"",""a8645e171afc9981adc40fa847a0a8db722b865cf25727140019c960f4d28de0"",""3a4597da49c4c510fa2ccde9bcf206d6521c7d9c941798fe68bdb323fa86552a"",""3bc8138bdc4a9b45c8ec860a898254f394f9720b36c9cd7af41f60605298b9fd"",""aea0fbbc9d5c470f004d6ad78dbbce039189a79b18004e2b03703649a5dcb430"",""c94c8d3afef1cae296739898b2ef7122e3fd2d5facb2d7a842505d2ecfba6940"",""a4d7d904074addd7c0058cc323c4e7d35b152c6f28f378347aa2afd4d9827097"",""c14bc6ea9b1a316519b659180bcfd0069a0f09ad78930878f2bb85a73a3f9776"",""80449031d939e8c4c3da47d8b46bf90236d5daabefe1af57df7472616b9716b5"",""72e56a4a08c26ce1fef5d2700d89aa86d3bb2f556382b61f2c1311cf2658a9d0"",""6d4fde678d57250a3927d8a638d2bc076144465d0037293eefbcdda36b6f5958"",""6b01a533c3ec8dcd35ac3ab0f8d91b2b528ae6d286323c216d596712a943c999"",""e2ca78556a00c60df628756e9652c0c89bf8ab4f2b66f1ab2755670749cc21d7"",""60ef7ca56ef738ce9ed266df5019a8bcca0c9bf72f44615054043c809e4cfe96"",""03e799b1ecf42b1e0c7801370d000858cadaae5cce40ea6a3e5412791f5d95b4"",""fb994237276bb5e3f57f4dbfd481bf70d364e4d9d52c09ebaaba25b7ca09b32f"",""50fafdd9c1cc354ec7ef0b06e3be94d81131376632667a4d83856529b830d652"",""9675ff2915fee201d821a2e32f876608d0a0c55ef010346801d03dbcb6f3533e"",""0eba41cd4b6423b2da24d1120785b0916f7fb2ad1fb66e29401c7af30cb4c649"",""d94bf74237e12a8d5cb6e07476bed4cb5834b068494f37cf205b5319c7306a8b"",""910ed2dcfecf20bd6a5d76ebc6990567f56f947a35f1456ea174a692fe97b0a5"",""23dee77eb5fd13765dd138d3880d02fb8ea40630c66afb14b9691307a25c1fc6"",""86ef592a8404150ad4b3d55d4f0f308ef1bbcdef5d1cdae92c49e8b92032415b"",""21d845a5ee2352b530adfc0a9b160d34ef463b49d414272119c1ee14386ff936"",""1504f7c20b8aa4e2c70fa577604d5d8728f445717cc5bbc07473be09805a119f"",""88c8f8d114d82b59741fe78f8e56ca9d8fdf8248d190ca1b0c1ab49771d5b207"",""db83af2ea5384a5f21d353b8f0c7f17fe9bf7343ea000929435231959f195d55"",""e1747c01f8df49f139f682a99298ea7446e2d1bf3dd81935467805f0813a19f3"",""3fd67a8cd2988e5916fe70d39fe6e7c312eadd572598dd3c18fca5e4df707b01"",""5b3bd3838d37c40b707118bee64eb890624e257f3028a4d91479bd1bd36a3e48"",""278f6c219c816607cfaa6aec87d0e5a0d0665269f789daa6722d8ab80d91cfca"",""b5d59f7f004ffa1a1283f4281d62acb01e675929feef0c815ea6b490047904e8"",""aab33990a4ddc53fe1ee0f117b81d5e08018d27d6db550e9f47c7529ac753715"",""8aa4e9488c54410f0f5c9dc1fe4b2d3b526af2764cf6b308beeac5b21cd4d2f7"",""5b7c0409ab9501f35479b46840fd5a087e6340d53bc492e7c8f1dc4764085008"",""ca8eb8a6ad7d7c80c10adca48614edecd76adf6b79f63c9f7cbcfbdb3b5be58e"",""935e2a9468c4e74d5caca88e987fd110aea09abed969ebee135c5bb07f644cfc"",""fd6447570dc4e800f279de1850510dc9fd4aae13e6ab6a2f48d02bca03e5d50b"",""b62da2ef835b4993be48f9e772a92b03983686e27289c2c314faa99a22b77fd6"",""39477749490182de965b7f56725bfb060dde8a94ae9b5104e2f319aef1e9176f"",""3332755384d36fc76a83d660adbe97a49bc2b2f81018bcd8e526b647565a5979"",""2555897a77c557c482d1d6899f86f886858fddf22fe9ed0b192faa27aeaa77d6"",""3f7a70622a363fbbc127e287f9d0ab2e74b53cab78510a242612984eb758365e"",""05852b363cd8ad554a14d1246c9df98a2c804e4b80188a85bba8854ad03ded79"",""219968ff5f19f96cedeae7240cf62bffe287cb0882ec08311f7f83d13967d83d"",""f3768f9892cbe0488e8af539f1d7fbd46b52dc3a422b44cfbfd7ea65671f57a2"",""aa756e1e5971afdfef3409d9f3fdc941b53bb2347216807f85892055b5dc6654"",""80cea4f92ca58f7a59d8345eb668e31d2b0ea9a4b2eedc95da1e07ef7dc48877"",""48dcec06c78b0b2c2293451d7a65da9231fb6f1067f9ca073a945fbe470fc081"",""de8b8b0574f766b711faed606d4cffd1638b45bd3a8383f4da858ff1503a77ff"",""7abb117bbfdc096e102323f603cfd3e40073b90718c39884dd1aef354b0696a5"",""b3c80600461a3662e5d2c5320ba90dbb3f5a77f55af968271d15ae0ebbb07aeb"",""68653ad3e61a63af0f99e3b822e334b57ef36cdec0438782fef74f4710b46f31"",""5423e322bfd319fb9bf755a94fd1ba5dd1ffc6c41cae1a7eb5801b015c136a44"",""79dea7349e13ef285e68163f93b4bf7854964f62ff7b95fc55ce7b776fe84953"",""41a47e82c29f83c38f82811f5fe917b628b88d9e0a26e2fe11163b5838b179d1"",""16a97bfcbc05a05b4d1279e06a4fab31694172997548867a8b69238e80b1ff61"",""d9b7cfeadf86e6572e300616b4351acd080dc617d38276cf42a3b3ef76e688cd"",""af4e3c3710f1c6d9f61331868d0ce2e56bf1438bc6ce61795f886cbd81b3b6cb"",""136ca03310e4144cead05cbc03a5abf96795052b0932bd6e99e52c6e211c8822"",""845f683521689ac378a909230de62bf6ac0f4ab6a425dbfda9f062db5bb1ed22"",""eeedc0e981587ab0f69cbede8c95097f9d1824775b249fad0e481fc2b33c1098"",""40f6ba9709e5f74d0f891446076f49552e80822cf0e2c3945b1d3737902b1372"",""1ab649d54495519c6d2779633faaf05e8ba5c49b817840e6c5ea95667bc3df29"",""0569e8a263b5c13bc8f4c03b9eff58784a6dd2d2ccd7d0dcbb921be3ca84bc17"",""caadebd632d82471501f79c4f415764f59cd1ad254dd1f23d4811152c5a5b2f4"",""aa0227c2014b12121a6ec5c611e093679aa7c0133af9349e191157ac362551cb"",""69c75fdc42eeb1e5f0dd29df8b37ec6199ee3ea2da58c8f7e63b9a8d459aede8"",""c7659d86a0e6d7d4f2a58c9c86f7c3da5f2af857d93636e5fae2413a4bd88fbc"",""76e778007001b977d3653a031d3f17f22d416ae24920424a4bfcc5421b198587""]"
"cand-7a3c6615-1df0-5a03-8343-871076b028d5","COURSE_CONFLICT","[""1bach-mates"",""1bach-ccss"",""2bach-ccss"",""2bach-mates"",""sin-determinar""]"
"cand-7a3c6615-1df0-5a03-8343-871076b028d5","ANSWER_CONFLICT","[""y'=4x−4"",""Máximo (1,4), mínimo (frac{5}{3},frac{104}{27}); crece en (−∞,1)∪(frac{5}{3},+∞)"",""+∞"",""24 formas"",""8"",""2"",""3"",""1"",""5"",""4"",""Permutaciones"",""x <= 6"",""5 + i"",""x = 4, y = 3"",""1/2"",""(5, 2)"",""Parabola"",""7"",""1/(2√x)"",""x = 2"",""0,3"",""Cuantitativa discreta"",""4/19"",""2,1"",""√(3)/3"",""7-i"",""x=5, y=3"",""x≥-2"",""[-3,∞)"",""x=0"",""0,2"",""Para a=1, (x,y,z)=(0,0,1)."",""Hay solución única si k≠1; en ningún caso con solución única se venden los mismos de una y tres bolas."",""a=3 o a=-4."",""2√3 unidades."",""frac{e^x}{2}·(sen x−cos x)+C."",""X=[[-1,-1],[-1,0]] e Y=[[2,1],[3,3]]."",""3√5 unidades."",""ln 10 mg/l."",""frac{5}{12}≈0,4167."",""frac{7}{11}≈0,6364."",""frac{5}{6}."",""frac{6}{7}≈0,8571."",""1/15"",""5√3"",""68 euros"",""2x+6"",""x=-11"",""x=4, y=1"",""3/5"",""30 cm^2"",""√3"",""x > -4"",""y=3x+2"",""[-2,∞)"",""10x-3"",""18"",""3^6"",""x = 7"",""12"",""3 euros"",""9"",""6,25"",""24"",""4x - 3"",""x = 18"",""2a + 4b"",""a^3"",""x = 7 o x = -7"",""Cateto contiguo / hipotenusa"",""La zona que cumple todas las restricciones"",""P(frac{-1}{3}, frac{20}{27})"",""Cuadrado: 400/(π+4) m; circunferencia: 100π/(π+4) m"",""A = 116/3"",""X = [[3, 3], [4, 6]] Y = [[1, 3], [-2, 7]]"",""Aumenta en (0,1/2), disminuye en (1/2,1); máximo R(1/2)=75"",""[[7,10],[15,22]]"",""13"",""x=2, y=2, z=2"",""Los vertices"",""ln|x²+5x+1| + C"",""0,025"",""0,18"",""17 Â± 1,96·3/sqrt(50)"",""((5,1),(2,5))"",""10"",""5x+C"",""0""]"
"cand-7a3c6615-1df0-5a03-8343-871076b028d5","SOLUTION_CONFLICT","[""b37912dba8f01bfc617a9a3d811792ce39ac837b98618cd104bfd214557f154a"",""3754c59b66e95a4109c4b798f50b87f4119570784ef35d03943b7b1fbea3dee1"",""c4a8e69051a4b78f7d1e2208ba59c729c650121e2f4a57bf6400e7104326637b"",""a3046ab9d3e1a261609a5f3a7f1c27459f99e5fcefba118a7b58425676fbcabe"",""d4b2ed0a26186a1a2cda96bd0d489219f641b8b9c28dc847ca9c16a97f752536"",""d2bc280fd6c0fb6d60fcae04cfd4421e2a2f262fa8dc4103648e2101a8bffa22"",""fcb82d7c53b36a50a1da645f14ee4946dd02dd397adf2e8a7446f834efe3f8d4"",""441add77af4b3ed99938b24be5157f247a34c2df3ae8c3dc515bde540741f1d8"",""47b2c5694a1fbc301c181ca9cbd3864b4f437b497432879f7cfbdfa43d256d6a"",""8424565fd4f15e1c1d0317b49abb9ce3008b2992feb0e190f88ce43cb85fa521"",""83dc5a9edadce6e54acf1cbe2cad5223dc81290381ab3097cc47b5988254d88f"",""c0e6009f9d90c92ee66c814ad942f17822d96e0db9624b14ed27de05da65e506"",""314eb9ce0fc0c0ef975e887d0ac0b8a2c78a50d2885e2d797efd2d9d428dc979"",""4cf0eecbb5441df26a041456c66788003b6031e8d01a8774f159204cb1350c3c"",""0f6a27688f994c5deb59ea9f41fe3a333ccbdd2d3654663d32be02630fd49b2a"",""e5a88db5142f9edcabcf7bbe1d560fe2771f1ce601395b8e80ad26900c40cdc7"",""6469f2c28169d369f9037f8a0e83b4156445a81e2927c44bdaff47def7bea5b7"",""2207b1768293575b0c568f19849c69f7cea256dba39c725506a1497343f1ac4f"",""d2fd902065d76f921c708d059a2ab6cdf88b5c337d45e6c8c8a734450ad3af8f"",""2fa92d17fa6662c68ad4bc3c635754571d895f1c9701dc4061e3f8a72d324db6"",""efc59430deda70858e8c6f36cfe5fe46b5862df15caab53074f14faef645e40a"",""09e78af27bef56dfac5604a12687a109386d698ce1de6d79c1f0e17bc6bf1baa"",""b3512b2c22ec389a70ac7f4751e95233b77d8e9d90380561c9297903b8b2ce5c"",""33ff0ab1ecd5bd406db24d17417254ea01ca7c7773840049aeb92d3cb36bb8d8"",""e7ca3e31e281c2fc583a63d001a8d0e067d27238527c93032f373344135d2e94"",""5a6480879a8d4930cb57739607ee0f5e047d90e297972ce7718653ad0f53c357"",""68c782184a9ae5b3151314a6c7509d43a590e0ba88d9d512b870f28a67831abd"",""2683b106225f4e77ca781735eacee0876287dd07923ea0ef6df5d90f90c99787"",""5d991e09a73b85aa6f2a180d5a61f942f9d81ab8c47b9c656e9c4c5c51bde08b"",""fdaf173805cdf6feca0bf33a5245d71e5a6056f8d420ade587bea0f7373355a4"",""1d3953a4a7696fd917cd93071117463923398a76459cde36cf30b43088054984"",""7f126ed6386ce93c92146c244a277099fd2a9b39b29b2a63416aa1d7d841c5dd"",""61a6ad31f974d4eac280d7cf51d33109858f32e92731e9f47740fdd2a520d52e"",""d4298cb4dc8f3a6f8400a4c6909f2823b0ec5ba3b59e363faaf1d0eaa9bad074"",""645b365b69f3d5726951edd45e97a2717990aa6de3d8c2dbcd0c4092853166a0"",""98e20578fcf2f1ae94de4c075ec504b20f7eebe70fad916824043d40ca8f6d6b"",""74722a9a8858b63924bbb6dde31d220a34aebda2a37d29d43be44ffba9515bdf"",""17337c5f0be376180c6d9914ab0700fa4cc6a7f8b1491346e3b55d42ef4e79fc"",""8b36033d0ca5eea67b696e21c3b11cff2218b32364976c99554de778af8e7899"",""8dd7526ee9b9a0ec3ef361c02563b71229a29ca561f2c16e5dd2a144cd92283a"",""06bc2c2776784dd62785d6f6561f261e554333028cfab837f5e5180251687544"",""aa83f5a02f1365dea84df15e19a15ce92c591d29380e66b6cb0bb043f4b1affd"",""41f21d54322ee74e5070552f7e8c2712968f682840af9fdfec0ffeba231a9605"",""af942a10432009188bdb8cdde20cbe81c43c91f3abc1d37fefd49c580b784510"",""2fcf42b0f9c10ece0787b832c8a72eaabb7c64f11152f43dc28ebcdc5a113a6e"",""d037c2e55b7eb5c9742bb0b21a360eee633f77b41cded36f438358c68f8e44bc"",""fc97aee1581dc314fca977ccaa088204b56a9a7d92ae493f8c070603af678b4d"",""eb2310d68c313eecae0cdfd38873b1fadf4828126cd3ba3052a64554595490b4"",""b0f1c70a317351cfec61070d47a8295bf99d3697486256c807f8331d8c2b7c7b"",""014b2d6f6e026cbd8f75dfb5f0bf3d04dfc4fcaf811bb926d7a39404d2c7445f"",""f3048df4af6a36c7f81922f29379f28910909a6130e75b90cc20faea069ecd55"",""b442cba88e3c0b464d286fe2e84264a23432b96d219e3dc51be224c758794983"",""ea5f0d8e354646b60eed1ab82b05fe47cfa23eccfc394982d0bf4aee3cf3733c"",""cb2b66dc2f104d93d6f9b050fbb4aaee30fe380e025cc531b1e154b03e474b66"",""6ff8816fad8acd885ab5b7ba23cd3f0f016cee8a483e3ca165e2053a5faa35a6"",""bb6c9e643ea9b8deabcf0314bed12ecca72d1f2e7eda415a50cce9c3804adb94"",""19d97cb57e1b00c94fda51b659ae9b905f0cce0253ef346e3e6b71a8152c4559"",""5b580e1f251d1fc69458433e39fab3f95f556e7751d30fd06cf629cb6ba4fd01"",""6b2fbaccb0909171ee75887b59abb07670dbf21bde7324fb5cecda60803749f4"",""f664edd3dc8b1c84801154402568cb72a6fa51f7ecb9f034ca4a205917734a68"",""af498020b914cdad3f65d1f76204ee4ebbf4c95419feedb0368c85416dd8222e"",""b9ee6feb78be5d664e66a66b2e9a13294d0af6f81f6811cf50a3d157ede2ff8c"",""15df316c1067dcf045d052e926965420f16cd7b46bab3b414f7d8dcebbb1d92a"",""1e5f364f978c9bc79c6d2ddf3fa3e76d58b1876370a82a2c1aeb9991ced0f783"",""6a39a2335998f4d773fc5f23cdcefd75a836c95c18ffcfd0ef0a5af918cacf56"",""50cfb2b11a3505660d746dfe70a24420e2df4537b4f2d4db6ca9c425bc5c301b"",""dedf65d5b6ed216a96f412cad233a9b46168c611339e12997848ae94992e41a2"",""e0ff7f5d1bee0050a0b8072b9a811cf09fd169004aa936fd044d18ca00c9f6a4"",""f60015c6d32f23df0f347eca50610dc2fe75c23ff332b3737ac19fa9835bf983"",""a4d27bcc40a722c1adf156ede8c51913d7995c5c099264ffdf105028c715ed3c"",""624ef1575aa42a8e035245d3ba74788cafc5d14bab1231cf64e15196538f02b0"",""fd985c88a85d5d9cae987d64868101a4741cd73e71af5156ac31c3686f9ba1a2"",""bf17c3ab481998b64add3745b98c72eef8f2a6afa5c8a1d6b049044e64d2fae9"",""bd6f565844060b63acd85a6f6b6698d3dbfde9cdc593a89b14d417b28cea9adf"",""8daa3273770a9819ce2697e91f1da06c1363570444974190fd29fcc9bcff8614"",""ec99b8e42a7bd5a92b3f508dbb78a2da2e5e7aece8e21f8ca9957d5878fe0426"",""9f63ca50855eb6b706c89ae8935f765705274cebe66c2474314625b83a9ed4d2"",""452e999cdc1a9c33d1f0be08dfd8b11fd31313ce236a9a143f74605bfb1db473"",""4d33dc752b94689b47e0fbf045a24805d463e50348b2cf4184b99a26b4441d05"",""c8b23d1221b68ca99aeaa6ab64027d4347c70646b4aeb9ec7cbff0438b17b7da"",""adb0551002a03f17586556efbc2e4521aeeead12e0665a841aa2648b796b0aeb"",""3baf04e3994421f05950136bc1b07342ccf996b65234117c579a6fdb60cc614f"",""aba88ec2f93175eb902a6c842b5bca63f554a34487cb6ca1dbe2602123d9bb2e"",""abb99db4397753d2070bfeca0f4bdfe3c8f54b13bafadc3e0b45036be77c1938"",""3332755384d36fc76a83d660adbe97a49bc2b2f81018bcd8e526b647565a5979"",""2593e607b825df4ac9af61e95787c6dadd6b6e516ec6cf05b2fc107d87dfcb3f"",""9578b94b883e0a0caaa39561dbb9efa713149ea832f315267a095724fcbd0c54"",""d74b52f6831c63af8e9dd935a574b889c92c8e06b59adacc067015ef8c867494"",""859a3599b288cbc1b4406519fe9b68f145f250260e151c0575f6c5374f063d62"",""911573dc798b6517c9f725b23fdbac1fd285c2ab500836769ff66ffa47335787"",""45791520d47730d73bfa3514832a9a29a7c6a85a24972598e3d4f01d84af6001"",""3d532b2dad93d20ce2f9d756276e3a8241c542590e43d7c4d2bf7926b487f498"",""0bc6aa584c0c5be3286481b7b741967e5124ec43e92f7af0942001ece63db535"",""49a3ff88a010b0d27d04bb7028fd2e6ed575a747e3a3619f3970f768e6fa20f8"",""8803e8e25eddbf4f3ddbfd69ae5325c66647d9edc82845c6f38b05af66412ca5"",""dbf678190a1de8f5fdb87b9517ffc4ecf07c4d17846f7bb2c10a58134f85c050"",""e0efacbe2bb16e69b419e529260f36693586051c4e0be84a9ba23783f9ccc482"",""54409bd36678966087331208f2916dd64d4d0be33feb011bbb89c161f2a4cc05"",""e4c401b9cb6cfbcb9767094cc071ac728446e5957590ac6116a885c8fc3aa2ba"",""664cc68d0aaa137f776e035ae1ddd8c53056aae70167670c63e5e1fdcbd68415"",""b98c0c536cef77e6ed3655f61a298a0e52d7de38fe43a10ddf4b6c0277fe32d6"",""9b8cadea429dad2c15e88be0d4e0e5178d865673171377023b53b30cd63a7427"",""6e0b6457a57e77cd813426e94de8fd33b2730af295f3a8e6b8146d6d8bdd84f5"",""7e0d783dafe0d5c614a66f3b951b8c3dffe6565af1e5cbd0f8380bc7bfe69840"",""1f6c358ff4ff2ddc5cbffceb38e8a9862c1dd930d643edddc604074334ee14a4"",""80b42f9eb83f1fe59347227ddba88c6e6c3d284fb35a2363f11c5457bbce4eea"",""4a0015b70d54bbdc41f6c52137525a6e325f27dfce9b9937e051ad173f56a97c"",""0f286d3c13c6c1d41869255d8b840429ca253d6e754c96268c1acac29fb6e625"",""98f152f98e05c4a004d855203d5ca32a7dda884cd31ea46e9baf4cf7fb5387fa"",""8490e1242caf198ce58e11d307a8042fecd9fd3f0aab4c9fe922300481e8813b"",""fe77f6586b12deab082cdfdb45d1f048d21eae184afaa081f36619c7d7d322e8""]"
"cand-e807d64d-2258-54dc-9df8-aeb228fd5674","ANSWER_CONFLICT","[""y'=tg(x)+x(1+tg²(x))"",""P=paren{frac{7}{2},frac{−3}{4}}"",""−frac{5}{2}""]"
"cand-e807d64d-2258-54dc-9df8-aeb228fd5674","SOLUTION_CONFLICT","[""15e335f9f29b8bb1338049bcd4ffb4f42af0fac78cd2e96e65b36e34417ee495"",""69292b8308718fd324a87955e51b72dbec6805b1e13b0ab7a38746015dca1380"",""2b2679065c1361f86c4d567c92e1ac0c86c003ad55ea499f2bbd09465bc83bcc""]"
"cand-840e2694-f2f0-56ea-9027-38e1a398cdf2","ANSWER_CONFLICT","[""y'=3+8x+frac{1}{x·ln 2}"",""a=1, b=−3, c=0, d=4"",""−frac{2}{3}""]"
"cand-840e2694-f2f0-56ea-9027-38e1a398cdf2","SOLUTION_CONFLICT","[""d8d11cd75405cda0ba0997759e0f69f90b2b67ef626cf5f850ca5d08018471b1"",""fb629a5a058454f8fadc0bdac46dc2ebda94a72c68ad2ea609c525c342c0572e"",""b94751f0b559c58b8948a5189e7fad24d0db0a19943c0ccff0e6dfa3ea503894""]"
"cand-0f2ee517-411b-5c7f-86e9-07d2c0a9cd9c","ANSWER_CONFLICT","[""y'=2x·cos(x²+1)"",""a=−6, b=10"",""frac{5}{3}""]"
"cand-0f2ee517-411b-5c7f-86e9-07d2c0a9cd9c","SOLUTION_CONFLICT","[""a2876ccda729d950b6b8fd20d13b6238419fde7b2c35acb428775bb83669b33d"",""6923cf6143f0702e85002594fa440d5cb945414b978709a813be028627312599"",""038a0f639f0343a2a0f45444eb52b6606c6fc56fa0c9873a15323d51ed35519a""]"
"cand-a41aaf5b-d0ef-5702-aa15-d1ed4cb0f341","ANSWER_CONFLICT","[""y'=49(7x+4)⁶"",""a=6, b=9"",""0""]"
"cand-a41aaf5b-d0ef-5702-aa15-d1ed4cb0f341","SOLUTION_CONFLICT","[""031bb2e5574cd0ab78bc0c264b24ef44d0c428ec0d7ed9d2573ae2e2cd287682"",""2b3753cf3dd3febf7629237836cfd5090e89d696bb719865e2581e40bad33f06"",""aeca806b01d6b23d6d0b55714d923c2f53716f2d4a9acdc526f60bc24dd309c8""]"
"cand-469339b8-75a2-5ac7-86c7-a34e675652a9","ANSWER_CONFLICT","[""y'=12x²·cos(4x³)"",""y=10x−16"",""frac{2}{3}""]"
"cand-469339b8-75a2-5ac7-86c7-a34e675652a9","SOLUTION_CONFLICT","[""ac7e2d84a3cd1b22b7341682d5df5866cbcc9dcc18fb968af826ec9b3342b4b5"",""8e02651ef3a0d0dae50d0c201c04c3688ecb943bbf2e27f48f7f65a99f6b49a7"",""d697a61693c0e439ef21910e7163e48e0230355ffb3a2100048905c385c1badd""]"
"cand-f3e932e2-1ecc-5766-bb1c-f88e5ffd6b1e","ANSWER_CONFLICT","[""y'=−24x·cos²(4x²−3)·sen(4x²−3)"",""y=7x−4"",""−frac{5}{2}""]"
"cand-f3e932e2-1ecc-5766-bb1c-f88e5ffd6b1e","SOLUTION_CONFLICT","[""06fe0c6a68697573a0cbf90c2b800d01489f61bc31c6e46f562e5bd41e0544b4"",""ca7b15102dc49f2863cea953bd7a293c440fc113edce5c215a3269c08b7d69ed"",""e27d147107e8e6a30f5bcba605dc7bfec09243d5529afd9c7720bfbf57d19704""]"
"cand-9acad28b-a009-503c-9029-4cf5377717da","ANSWER_CONFLICT","[""y'=−2x·sen(x²)−2sen(2x)"",""y=7x−3"",""3""]"
"cand-9acad28b-a009-503c-9029-4cf5377717da","SOLUTION_CONFLICT","[""bb7df56da8cb3f049a54f846f3c07e68e6dd95d7325313d2e51ae64a00d241c0"",""f5ecbe53243b7dd32312e506851411a86fcea03cc46bc2a853b9f249a2bd1a18"",""d0ceaa4b84afe92ba1c6bc3660c4c0c4bc6099b704b6c6c30591f4832c63a7b4""]"
"cand-e8bf4a98-aa6c-5918-9f58-d4f56819ca4a","ANSWER_CONFLICT","[""y'=frac{3}{3x+2}−frac{2}{2x−4}"",""Máximo (0,0); mínimos (−1,−1) y (1,−1)"",""0""]"
"cand-e8bf4a98-aa6c-5918-9f58-d4f56819ca4a","SOLUTION_CONFLICT","[""fc402bc87817201f46538e05c50e29099d0ba2ad879bd39b66f0b020cb18fc6e"",""b4dbf6324c46c05a5a489cc216ef4ebb8233debaf068087bf619ff5dbed6c7fe"",""515f604ef2016437fa59ebc537ff98262b357a7c4079cbaaf2e15800c33334b4""]"
"cand-98782be0-af2e-5e11-be1f-847f3647e5cd","ANSWER_CONFLICT","[""y'=−(1+cotg²(x))"",""Puntos (−frac{4}{3},frac{500}{27}) y (2,0)"",""frac{3}{2}""]"
"cand-98782be0-af2e-5e11-be1f-847f3647e5cd","SOLUTION_CONFLICT","[""6395c107cfca56698d3de697d42c76cef70137512c76402802e62204da9e3add"",""e69fb5e1f5ec7f3573e0b6bec8147a0b875e86d0c6fc82ba69a7e45a24626c33"",""f29d7d0330fca6a0e3accd429d937454113c209f616720498baf7be00c8c7889""]"
"cand-6f2ce3de-1227-5778-aab1-d452c1d44f78","ANSWER_CONFLICT","[""y'=log₃(x+1)+frac{x}{(x+1)ln 3}"",""(−2,−15), (0,1) y (2,−15)"",""−frac{3}{10}""]"
"cand-6f2ce3de-1227-5778-aab1-d452c1d44f78","SOLUTION_CONFLICT","[""d3e94312d8c3ce95cad80cd68ae2b33cf1f948ef9f9cf9b664b0da81fe879389"",""08250b7a8ba275730a8bfd92c88a38aead85406a9ac02e9d900052debaf294f9"",""78c841aac6ed01aa83fdb71e52206a7c8a9b9b3162b543c548c50570dd965a61""]"
"cand-9692b22b-4c11-5eb7-8c58-0daa1076e6ca","COURSE_CONFLICT","[""1bach-mates"",""1bach-ccss"",""2bach-ccss"",""2bach-mates"",""sin-determinar""]"
"cand-9692b22b-4c11-5eb7-8c58-0daa1076e6ca","ANSWER_CONFLICT","[""y'=35x⁴−24x³"",""Mínimo en (1,3); decrece en (−∞,1) y crece en (1,+∞)"",""frac{3}{4}"",""10"",""-1/x²"",""En y = 5"",""6 + 2i"",""4,5 x 10^-4"",""1"",""(2,-1)"",""Arriba"",""Combinaciones"",""[-2, 5)"",""5"",""x = 1, y = 2, z = 3"",""4/5"",""2"",""Elipse"",""9"",""3"",""e^x + 1/x"",""Creciente"",""P(A)+P(B)"",""6"",""15/19"",""6/16"",""0,5"",""4"",""x = 2, y = 3, z = 4"",""(-∞,-2]∪[2,∞)"",""11"",""C(5,2)=10"",""x=2, y=1"",""El límite coincide con f(a)"",""2x+4"",""1-P(A)"",""9 unidades cuadradas."",""2/5 < 15/9 < 8/3"",""2√2"",""300"",""x^2+8x+16"",""x=-3"",""x=3, y=5/2"",""Cateto contiguo / hipotenusa"",""8π cm"",""5√3/3"",""x ≥ 3"",""2/5"",""0"",""16"",""x = 6"",""2/3"",""5 euros"",""0,12"",""20"",""6x^3"",""27"",""x = 4, y = 3"",""Cateto opuesto / cateto contiguo"",""Maximizar o minimizar una cantidad"",""+∞"",""Mínimo (2-√5,-√5/3), máximo (2+√5,√5/3); tangente y=2x/3-1/3; normal y=-3x/2+11/6"",""Ancho 4√10 cm y alto 5√10/2 cm"",""8"",""Continua para t=0 o t=5; con t=2 tiene mínimo en (3,-5), decrece en (0,3) y crece en (3,+∞)"",""X=[[3,3],[2,-2]]"",""12"",""180"",""El semiplano por debajo de la recta x+y=15"",""x=0 y x=2"",""(1/2)e^(x²)+C"",""0,0155"",""μ=np, σ=sqrt(np(1-p))"",""Aumentar el tamaño muestral"",""2x+2"",""Cuando tienen la misma dimensión"",""ln|x|+C""]"
"cand-9692b22b-4c11-5eb7-8c58-0daa1076e6ca","SOLUTION_CONFLICT","[""87309c40d3cde904e6cd42a08f527998f4e47d1a0ba31859f36598f6971169c7"",""8773f7c9bf77d24a632ea8269511ec1262be531ec7b467d1fe854c55a2fa0d29"",""25b978dedea7a2d04a75c9bb9f940ba5dfc64dd34d9ff7da3d9aab9d2c79e7f9"",""a394b7fbdd02a982a1a219566d837f25ff70949562577ef5d5355eb16a3d3070"",""6c856fa082836b8a85ad71fc30a5af63ea8e9617dc59897c6a53178a3e50734e"",""59d528d9962e4eeec852982309c3c18cddf358809b3b8f3093932c7c1f46a3d9"",""b39f02de6b2106d78e2f15f70826a789dd35eb1e9ce301402d193d09bbbc5214"",""d9de500d98a9625e7f399f52ea2bbe046f4a5bce8c3c1a6b4e386a501c6a49e0"",""ab8f4461dced67e23104dc3f735111dcf4294a69b576629f24b29884a25ed9fe"",""89e9398db51b84426d1af24d131cacf0d49ac6133d777e1cb1338f7db0c0c212"",""61a3ec871efa02ecc86e6e26c48ea5207b196f4c641f963e9badd37a0d42fb39"",""1dacaea648ee6524a39ffd164d38e4dd8d7d243b5f202c2c89ddff58f4234b26"",""e8cd9dbfe46fbaba6e75142c0b6dfa83c58c3d848abd82a7a13ad3980348aa19"",""17313b7050b241b4424968566fdf6e0c709949c589f2b03d7bd083e1ab95045b"",""8e833d78f25377c12de04452b90fab950b1c83166e27734d446b38bee67a2f4e"",""8f2c25514eb454d0bbd4b5a61e2297b13275dda3bb1ed675f03c17e1d558c6de"",""b23b3f4267e21f3fada16b3815ef1949493bed886b82caa1cc93a53469ae8562"",""ff716d3a6bc8996c6e0edf2f9f837164087cf523f78f3316514c721f4711c1d4"",""cd2b15e2f7c796b6f262f4cce6414e7ccea13c238cacafb3bf32ac0ba48fbbc4"",""ff425899edfaa433f8715a0f08848d28edca74e18f315ff14fda1d54750b46bd"",""d5391325a066d35ab00abd54793abe63adb08d5c416813464a6c6ad22c712866"",""517d4d483756b5849f01e815d784a2c145c05edef6d0e76683272568c04736e1"",""b8a3446fd7fc785a2a261e0324d7320894019a24da680ce377fc42d187eb8817"",""f94881431d5c3b3087c13f80697464dbee668d90a5c0cf70c95a4915497235e1"",""393d7b85eb6e698df488d3ce025b662f00f2694276b41ea5525e81ab43488291"",""8b37a7c072acdae7360f2349c581d9a248976d28b23dfa08a709de3ed4002a86"",""ea7f84132247f71a0fd35de833131d42d67a7a83b09bd8db963114c1e9fde2ca"",""30d90d9de8f89ed2b0fb01d141c9b9b8ae0a377beaa07b9c399f43669161de42"",""a369682fa86a59a1a94ac9681e72d5b9b24346f63207cfc4ec00b424a286a40f"",""67e3d1f8623a6bee7420154954fd54f6b5fb61535233ef014ee50069d7bcc0d6"",""d25a0337287069ee7d4f5e624e1e54cbe3ee51a1f1b45cfeabbae363c2e6f85e"",""e52140e17fb7b12fbc8c0354e0def278c19f66853ca789743282d7cb082643c5"",""87fcd5b08d62da43c570a4a14ec2d7952d038942bb8ba2f2b162ee3501e1eec5"",""7d0cf5a4e10d2cb681f6271c7c5a11af87523624d94462e9febafcdba6831c5c"",""33a1e5aecad22cae3aa19e7a49e235e21a03523d093212018046f014ee4a5473"",""b3b0f8f7f5c966cc327ad722c810029735a15c7e106fbd8a81c68e2001170de5"",""bdce1e008a1f5b387a18d90fc546450e92bb76035b8b6959f43bbf0987703aff"",""0d09a104255aa57eabec10f2a059bd8f903de488a758f9415446e93dde9c489b"",""f382bede19db5a97fa7ad589ee956948477ecd426b242000e2587f3bb3a993e8"",""0728c7d3e00745b6a11e7fdcd851f6b687e24f43517d96018920892126f80ca9"",""b11850a0a3f454105f49d345a8ab0b13c3a83b4e4fb927c24ea93eb1d983d20b"",""2fedded0560e969a89bd14d245eb64b6f3ce6335a585180b06bdbd93d318ca97"",""d82ef2b7bc11226b5e0f74f8853af9bac51232eb4909356f3231aa66957084eb"",""ec91068889ab68d5f854ae8f311a61b4856200347f708d11720a6130df7f92fa"",""6816969a61f626eb1841410c53e6b4a2061557c28083e832fca6f9e96890f23e"",""02579a4c5a1fd23d2ae278085d84a75ba2a43f8e64bfbb44bb79aea9caab6a17"",""c11bf70dcc8347abb3e7fd571d30dc5c456cc4551be0deff50df9ef41ef37eae"",""81116b904cd7a72d6a472132fb11d73fcf3400506801531cd8c2d02fa83f8390"",""c7edefd33b59d1676572c5499fb45baa0900cc3970c5b84c922ab330a03acb5f"",""559af8038c415f298c0aba7ed84e11f8e086a302c55b55967873c44521f86937"",""f8203c4c1cc03c4cb8ec3630d948b728b0ec6a7e434db8b3e47ea2df28ca4c77"",""4611020709fde100dad76d513632835488b53b5b2c92611411a8a14c9f3faaef"",""3e45f09d4fa411a460963505eb2358ed4b9abc55f3ec6907aff18c304c84822e"",""45e67e1eb08d07701e1ae1b44c02c408c77982c50141de364284d4c9a1c9cf3e"",""54e7d122ad15702f28da9b4736c6ac54f631330c6663f4b308aa26c51bbc27b5"",""011c022f0b3d23b074ba21c7cb6d82ade3bd41785ffb116e0ffd48d6bc9e04e7"",""8a6cbebb04d0965652ddb24ad0ab145c59efb37d3f76dc4cc3f446d3c6ceaebe"",""3bb3c646bfef482b4845fb1116f70009fe11df6588e1d5be6101622cfe222be1"",""254f5e8292f6b5282c1ae183552b836fd3bcfff1e9b49b3b751a0a683f61281d"",""20996b55102c3a68c6fa4cc9bbe8fddaf5c4759f932d95d75924ecc08b2399e5"",""01ae65468568d156ab863f16956039ff0def1f6950975116944ed2bb76315c19"",""12a79e038cb3e8efc7583930d186c2313dae3929378f434870cd3595f135f98d"",""fd7ead895851793ec0c3acda31830729aa0ded25d4a1b5b1d713aa7e6467f1f8"",""9f87de055d3aa2d346d9326d75001a35f13957669b36b882daa10997479f7737"",""f407c103bc183b52d8b0823bb6286bacdb25fd61a11044ab0835f313650cde16"",""e0e6bc465e9404f222e6cc66322437ed07166b5d8058714741fedb1ac72eb4d1"",""bb3a550429cedbd9f2227f2bd577cf2f8d52b684a10132be9fcd46a387dd4b04"",""9b8c6be2040191b66ad9d306dbd5c542299d8f2ae6acafae0c19b5bc9612931a"",""41f9449bc233e0b9ce11e9416faac2535ea9eb56463eaae4594bdac0794cda5d"",""377092d1976765399fd6993fe5438f5baea9ff602f4f4658a333ff795674e1d7"",""d829720372db0d323956168c38e6de9e061adcbb1e29f4c91f8b1d172539002e"",""e68a37b8566272fa04f68d3c5894232db302e423f772d3928591d6dcb9f8bf2f"",""8a8c3f84d606edb714f73d9cb619e5a098eb21db58cd31dce7b8a0eb73f3e358"",""4577e76c4bfbe38966458d04edc7fabe34424ab036b726b0dc3fad53ba889652"",""c1f5b005ba28ce4b05e402da03b8151e9bfdd63ee774c12bfd4b56c10145bcbd"",""8dcaf27f7d404608a511341e342f7ffa094b4ae31ae43da39ebf121eceb6e7f6"",""2c47c3f55497e2e808c609b214c60c3ea30706418c3734af1b73cdfef51580e8"",""6f5637915c7e1b47985ba4a303456e3a09436b82d03d097b28ddde1f06e831fb"",""798162f926da68ba2d9c90d68a0a77151b282b03a60561f444f6eddb637fc61f"",""7aba3981916fb8db1a3e43bfdd89057e3a24185c5af1444503ffbff78994fe57"",""1ec4ff9c95a0be99d9903009ad81c288c77a960f34d9959362e8c227d402e226"",""fb69dfb18f49027243c3f07372b298405e8c840866aaf0a29ec18291149521aa"",""14a04bf95aa2fea4e242a579961ccf9603e8e325c75ad360391a16d89025616a"",""113cfe55dde8fabc9096dcc82d68d92b7f606f96486253e684884c91a5ba7c42"",""b90a6a76e7a7ed7cea359d7ae2a90090021b831c9fcf0f593920c0da74f7f1e9"",""9246975540f6e869a9f9347776260f1347823e542ea9f40d435d34ec37277ffa"",""ea00546b4077364cd7c8e12ca1d4effe473306d09ddae94b283c23306b5aa303"",""899686f9e872b0892249eaf5dd78ee6dc692614285d6eebb55597943cb5c083b"",""23ed0364a21bf0ad5358a9b08602d0e07f935443704039dcac1db8b7ef303e37"",""879efad5acb4818dc2b79fe3f7486af3010c2a356fae98606fe0cd426f64c853"",""82a2d13270cd3ff8dfde05ef0134f281e22cbfb654524d8869d99612752d1de6"",""dc31da8fd2936b42559309fcc30d3096488268519bc40a8a0a63edb6d0914454"",""2037fc0980058af4ff2d02e03aa24c146ec7c3fcb98f4d5b64d6655e99c8787c"",""e62977d3fbf49830596854c49709d3f114083110af1e796de3c133e4cbaef407"",""7ccafea3d66b9551c209d6d5edc6133f6b605c43066371b25805c27b97ab12ec"",""280011e96a80b5ddcd34b8a19125f28faac01e5cc4bd63a9c891cf6f0c250e9d"",""0fc4ba332ffaf6bba6f464fb1b135c83708dda66a45eae9ae577ec0408a9469d"",""08a382ee4760379d5b405bcf39515629f540011e9f63a6fb8e01fdf2b79b55ce"",""517db6af4640dd69bf589f1fa4debe7d33b45c0db55f9c1825f65505994b29e3"",""60bd105eafba1435baef5f2110bd87e31e888f8f2bd0dcb07b9863a511c16b37""]"
"cand-e95b7a5e-d5d0-5a0e-938d-c7a788969f2b","ANSWER_CONFLICT","[""y'=frac{3x²−1}{x³−x}"",""1""]"
"cand-e95b7a5e-d5d0-5a0e-938d-c7a788969f2b","SOLUTION_CONFLICT","[""9e1c1d108e0902bab11a2fe5275cd4e82c675ebc8e66ce9aa282731f43e7e226"",""84793d57a79e79044c80afdc719d2f9f85df6e80a971a434c7af1be1d87fb7f5""]"
"cand-99791f31-eda9-59bb-8f7c-5f9f9430db10","ANSWER_CONFLICT","[""y'=−8cotg(x)(1+cotg²(x))"",""frac{1}{4}""]"
"cand-99791f31-eda9-59bb-8f7c-5f9f9430db10","SOLUTION_CONFLICT","[""d4fbf8a6ce67a2891f57a42e159a4d4ad3800b1e1366211f648b78bd722261c3"",""ac91e2caddd9ac8434842ffe842d0b19f74172009fb1eba3f37cb1068851f8fc""]"
"cand-ca723146-f9c4-50d3-9abb-eca87e8d1f0d","ANSWER_CONFLICT","[""y'=e²ˣ(2x³+3x²+4)"",""1""]"
"cand-ca723146-f9c4-50d3-9abb-eca87e8d1f0d","SOLUTION_CONFLICT","[""2d39eabf20205185abd11e335c2489c716b11681834c31913e5cf024db2e4c9f"",""63f3a3f4b6f98ab2f365d6080c358bdd48e72d0641e73734ab394390ed930844""]"
"cand-02deba35-8cef-5faa-b8f1-ee1965345a0b","ANSWER_CONFLICT","[""y'=cos(3x²+4x)−x(6x+4)sen(3x²+4x)"",""frac{1}{2}""]"
"cand-02deba35-8cef-5faa-b8f1-ee1965345a0b","SOLUTION_CONFLICT","[""6da316ee99e5f754d2154a70c2a4d6c57b96f603b7392f2e5764e1ac281b6bc9"",""c993c0c2ac7b04bdcc872ffdb7fb423e9c5d4630586537ac7921267db1f0dc46""]"
"cand-4986eb4e-3e0e-5071-aa43-aee2729f5cf6","ANSWER_CONFLICT","[""y'=frac{−2x}{(1−x²)ln 2}"",""0""]"
"cand-4986eb4e-3e0e-5071-aa43-aee2729f5cf6","SOLUTION_CONFLICT","[""054e29a71b13e3a46a9d8117249f1832cb1913e6d19ee009a1db5cacacae3bfc"",""15c66c36788f8194d7adae43336496dd2bbc539d947025a20497a5389e393e81""]"
"cand-c309a309-7c80-5291-8db0-cc97c1174031","ANSWER_CONFLICT","[""y'=ln(x²+1)+frac{2x²}{x²+1}"",""e⁸""]"
"cand-c309a309-7c80-5291-8db0-cc97c1174031","SOLUTION_CONFLICT","[""85a5a0663bcdf2a1c426cd39cbbb4f16201a9d63b9c9dc097385d418fdc9c2a2"",""fe16b3ed40e000148cac3699458fec9cf244b9203f866410e429e6c1c8b31764""]"
"cand-ce63b472-64c4-5662-962f-330f814ea27e","ANSWER_CONFLICT","[""y'=2sen(x³+2x)cos(x³+2x)(3x²+2)"",""e^(6/7)""]"
"cand-ce63b472-64c4-5662-962f-330f814ea27e","SOLUTION_CONFLICT","[""96d9de0473c327ee0968d61c272a9ebdfc664d747b33b85cbf5faf5d56fd0a3d"",""cb90e3a96d2f08a944821158277e5d5a713653858939f06eed3901464f0bb98f""]"
"cand-743499e8-1d51-5692-b0e5-d492a4fa549e","ANSWER_CONFLICT","[""y'=2x·ln(2−x)−frac{x²}{2−x}"",""e^(6/5)""]"
"cand-743499e8-1d51-5692-b0e5-d492a4fa549e","SOLUTION_CONFLICT","[""48f03ed3c5c6a29edfbe4c81169301e7436034a679653d10f73f0d7feb497d66"",""ce1dde4e863d0fc0efb0a6f993740feb05e73e0c0ad3b8b8ad5bcc0d0fa276e7""]"
"cand-2ca34099-8686-591a-b3c8-d8fcda2fa672","ANSWER_CONFLICT","[""y'=7(3x³−2x+7)⁶(9x²−2)"",""e⁻²""]"
"cand-2ca34099-8686-591a-b3c8-d8fcda2fa672","SOLUTION_CONFLICT","[""30f24aed182304ccb055adf7c52e9dd163994cb42c217f504257f4506b6f795a"",""04a72bd4f464c53a134c7841c5514f10777297ece9d820cf35d7583d699a0608""]"
"cand-39934fe1-3237-5ce8-8116-b96d8b96b4e7","ANSWER_CONFLICT","[""y'=3ˣ(2x+x²ln 3)"",""e^(−1/4)""]"
"cand-39934fe1-3237-5ce8-8116-b96d8b96b4e7","SOLUTION_CONFLICT","[""ec589491c36d5de0cb544a079c0a1cf9cc4b1a1ee17f134cc2aef895f144051a"",""de68fa6b252aef479bff843a825c57f9d3ef31d20ce1b4f4500a3002018d48fa""]"
"cand-bc05b67a-0a56-5b8f-b716-a3c91c826fa5","COURSE_CONFLICT","[""1bach-mates"",""1bach-ccss"",""2bach-ccss"",""sin-determinar"",""2bach-mates""]"
"cand-bc05b67a-0a56-5b8f-b716-a3c91c826fa5","ANSWER_CONFLICT","[""y'=15x⁴−8x+frac{1}{2}"",""Mínimo en paren{−1,frac{−1}{e}}"",""0"",""1/(2√x)"",""Una par?bola"",""3 - 4i"",""1/8"",""sen²(x)+cos²(x)=1"",""2"",""Constante"",""6"",""5"",""-2 - 5i"",""(-infinito, -3] union [3, infinito)"",""x = 0 o x = pi"",""y = 3x - 1"",""Hiperbola"",""x = -2 y x = 2"",""lim x->a f(x) = f(a)"",""cos(x)"",""Minimo"",""0,2"",""10/19"",""0,512"",""0,5"",""x=5 o x=-5"",""5+2i"",""x=4"",""[0,3)"",""Variaciones"",""x=6 o x=-6"",""Un extremo relativo"",""0,3"",""Irracional"",""6 dias"",""(x−3)(x+3)"",""x=26"",""Una unica solucion"",""9π cm^2"",""x 3"",""(5,7)"",""-3"",""Tiende a ∞"",""21 euros"",""10^4"",""13"",""3/4"",""55"",""12"",""8"",""(x-3)(x+3)"",""4"",""1/10"",""10"",""7"",""3,2 x 10^-4"",""x = 15"",""3/5"",""El mayor valor de la función objetivo"",""e^2"",""Máximo (-1-√6/3, 4+4√6/9) y mínimo (-1+√6/3, 4-4√6/9)"",""x=1 dm, y=1 dm; superficie 6 dm^2; coste 30 €"",""(1/2) ln|(x-1)/(x+1)| + C"",""t=2; máximo (0,4), mínimo (4/3,76/27); crece en (-1,0)∪(4/3,+∞) y decrece en (0,4/3)"",""[[2,1],[4,5]]"",""a=2"",""x=2, y=3"",""No se pueden preparar cantidades negativas"",""El denominador se anula en x=1"",""1/x+e^x"",""ln|x+3| + C"",""3/2"",""0,084"",""z=1"",""900"",""((2,-6),(0,8))"",""-1"",""Área con signo"",""Un parámetro poblacional""]"
"cand-bc05b67a-0a56-5b8f-b716-a3c91c826fa5","SOLUTION_CONFLICT","[""a29fdf7e90122ed3cfed52044a3ae4a92e7e9609839c8c05718543952ae799af"",""3a634870703dbf13af383f56affc7df5bbcb9b8675254f021b62953261fd2441"",""0b6b3ff67ff409b395f22a8e980afca5c3d53aa7b18fab505919c2e886c59e75"",""9623ef01f169279d73e58a84d9c75325f84355e909715dc4515c06da78a2d79c"",""874d040245dad69cfcf4507814b9de68e83abd856b5a12c67230258704433579"",""3b3d63ac1a0b86b250846d749580fd64e0b9638c1f259a4e4eaf4ffb9231ff9c"",""ec8a5ce47444b13402cc8c9d7a1ecb92e24c9fcb68b6cc91a5c11768a747ccc5"",""e3268c47d7ff623e31d1335c2992ccd5bac6162c494795b57a40260c02f25051"",""db36e8f45cf4905df109a2bf9b283e4482e594672af79b5f4dd0bcd4f441dc1b"",""9e2c620efd33f909b913977bae9cd8fa99e4426c2b4ed5d20dea97ca49ec8e41"",""42b52328e47e5692af91df76f83b9fe6adff7c0e5f8280ba72f049d1b7d3b868"",""fbdaff68bde39dcd217bc5bddc892510b7068ff75f2823215c6fa81ed8ff5a3b"",""d6b26d7c1bb269dac382ba90f6b62905090e806182ee0a2eb4f69f2257bcc7c4"",""9662a3b728bbbabf8cf9f828db3451fd85d149b844eea1375d0ce2a96a7f4593"",""f2a3ff1eebc388ebd886856f46bd4c54c7813cd7d766890762c215ab8bfd0ca1"",""d813838afbd84f4ef6bde994de282f207afbc075764362b1f883437e0493c3cb"",""f622664a0937d928e2007c503d99ac1450123c35cd4b605b4d10718f34cf7023"",""b5a470c8636d7e3bedfa9b243b92e257ca423702fd8a533f34811f444f16bfa3"",""8dddc00d7c7b26b78e5bdcefffbb107536e994a06a21c88fe1cfca07022a59bb"",""ee2b359c71a8f03a7e3afc28056e57f9639ca2c4a0dd6cf1d782fcc4a5ac57e6"",""062947e36a849873b758993c5bdadd0073d2390fff741568ce8202396d8a93e3"",""34d76439f8897c865f2b98bd929d013cbe035cf8e09364d3d8d7dc036ab52c8b"",""df6bc7e9333935c3ce595aa6f5fbf23819b6572e412bd013eead34af95341307"",""10aa68181270d01c9840d334c4282cfa936a52128c83f7f1b5a9b8e89d4360b1"",""ff601c5b4e13b6d28108c0b96c87e519b0f4246d6eb2125c8faa1a0ba3a28097"",""a5bb5b6fea56fd4cc11904a3be4d6ec2bc21145d8cd697ec16b2fa54d9b6cedc"",""3753566ffd85a50b68d3a5ab8f73dde6407f0bee4a2d8c3ccaf128eabc95973b"",""922d480e92764805971d4bdf58b1b18715dc82eb051387233cf9207e5ba36b02"",""d4d7b9f7617b2841035163a457ba9e94bb387827fc88403d8d82c191619c2003"",""00470e03e07e3220bb9e08b9ebafe09ee8e476202fb2af788e95354c6ed6ef51"",""070664d563544feaf3144f61b2279c04b43e038a76242a9a6397f93970ebb2e4"",""9b1f33ca56a45c63ee2aca7cdfaddcdcc908adf56fb17299e5aeff9cd627ca51"",""6e2ecd1c7b54816a3a4639433a7e51dd79838f516a42870f93d6ef7c7fc9b6d7"",""53e3c8190a0a51b543ddc6fdca579d9fe8c2115c0653c9330c853cb61ff28c28"",""56164a3c77adf8d978d449024bc46cb72f67e5028f0b421ff8d53c323022d347"",""55ea6e95714e25d736bf053d186688811ebb9ee150cdba761ce46c8d898f4cdf"",""e5d0f1e47b3fb0ae2acfade9e8b91afd8aa43a466fbb3c639ef6b4b8e38c2676"",""163b56c2843e4b131ec471f75825f07547f4c5d9c9e6beeb136a0566d3a76fb0"",""4e695ed98f4ec7f7188f7fe681302910cf3358364af362995482222fe11cf2d2"",""951fe8d49f9fb1411c17012c4d29d68812f7a00dbc8c3cd36ca08e24f23c0a49"",""9200572f161799fecaca2836bd8367487a4d4508c4ca43ec3fc819e4903ad595"",""43c574392ac1c3c93283515a673776b4fa5d791dd6317434f2e3260d6be12899"",""a7a0e21d02a5942f32244be78b7243b7f565156a23dceb189ff54f912ae2e190"",""51b5126727ce340f18b07f4e24b9af8f6c49e73d0b0c300fe04fbbac5bdf6f5e"",""30167e55595062db11f63407cf94cbac6d6a22cb968b97fc6ce670ebd4bc10a6"",""caeb1ba38f90d46b951b58db4aca0183479968bccdf597a88a1c7f1bd0aefc6e"",""e57682a25cd232b7000f0169dfe49003a61589c360c7a64a34b55a63314324b6"",""6caecd732e7df17a9d0d386ebf67e55bd2bba74a8dfe48bf2156cffde79d7a16"",""8c65b08719a76c8e05b902cd833a84d38942f104a3bd07a5eaf9beb4dfbf3069"",""a78ec83d4fc601e839d724e4c38b2f2a1a9049abceee346c2239b7892100bdaf"",""88b69d5b319211270025e0f3529df210011a8431f72be9ea39540a022215f4d5"",""c1beb7a9b93887a995e2f16a9399b7e4c97da7911704e8abbc53a632ecde714f"",""64c1ea1e7246dfe31816d5d6c17ec1dedf36a76d1e0cab9a4547819ee2faf88e"",""ecd3f3a279ee3152e497e50dfc02b9236ec0a0913daef615d44c10ed4316846a"",""e3dc6b8eed10884186becdc6abc6411aca868bc71e9a76a3e81a99abfb82a3e4"",""a89580324fc78c8f3f76cbfa5044c1bb4451971d5004d5319f455121ce037727"",""af7982626f9077fc1aa839cea2a042c32c6eaab359210967aa48ade15dc1bc04"",""28aab35057e560ca268decc7e2085221e4a6574ee94dd6aa240cc713e2c44bda"",""239559e166962736aa1fec68de0cd77633c36813c7fb8acedc8086b1fcda8687"",""b38a47f977e3f55480d9d3c6bdb3018f89c9621429855789f218f9d8cf06b824"",""27daf7f9d2fbdc34caa6902c66c1a99c53bea992b804c8e38b282414bcc3f185"",""106110b1967cc9747248379330e5266523b9a6e5a4f4441c65f2c16c29f51a82"",""baea5ceded992c362e8aa1c1ae26bfef90e91a1974215b1290b1cbbe750b4e44"",""8f27fdc587f6b538f430eb3e90dd05476215a1882d71db4416871ef2d722d190"",""d5f802e71c64c6a21badd7dad2855c3cc13ea071a393baf4122ef8513a206159"",""e822a3874e01a3eb327dd133a9f7181b3e135b7fd755196dadd46862d0dc2775"",""22ee7fc70be23873019b90f5f453002168ea2c82dbc4fea36beb3415100d8a08"",""a3efb9843ad679c82928f867c5525a0d06bf4315e899da5bb123529b408fa17e"",""1ce7e5e2b706cc4ca85a3b5d7267ad3578374f075a9001d830ff7eb25f5577cf"",""abd2f7217d0fdbd0e3b483e29b3e7d8cb9f02a141b305330c3c46d0d32f6f381"",""e38ca85a470ed33a1e63ef33df32d4aff0bd5ef55ee4b242ae06f4513bcf9f0f"",""541d3eb4713dc062cd3919aac57a3552bcc5f35c25a83be3c0cad00c021b293b"",""0166a3635eb6363a49588e8fe0f75be9da2a20abf660a01198eb4927d22f4599"",""2dca96c7caa6001ad7b39c75bd02a823fb7aeaf733a66f0199faa18365bd5078"",""ff9754c663baef6a553f409ab2170cdf1d69cda0ba784c881db58875f33318a0"",""34146c82e16b1d837286415ae4a0718f37fa1f5030dfd2cde4d78e0f43587de5"",""90220f73f0bcfeeead5f377818995acc6df374ba05e97353c9f6ae4fd09b1d2f"",""5fe03a89c1ea882f9e16c22d24a773f9dc07c1a38ae65effe8af823fa8ddfb30"",""20065d5c8e62715aa3fabc4d7fbb4224811730070ef0e0a6c9674841acb3ddae"",""462d1a093d7714793261d581dc3f582e3459e0555066cd8bb16eabcb919e87fc"",""2ef8c6d17d370a008e477ac731929c78975765bfd5ad7efe0d8bdc5ed09a16d9"",""5786033a8c0cf1afa90d461940dc8aa6a878405206d8013587710bed5bf92aec"",""4e94d99f7d1674185f15379ceff4c3f0eea0097afbfe6ea15f9f927375237330"",""8a11a9161f5967e41890033e4088f37f2f502561d5e2cd2680e05d6781ae61ca"",""0f565373ee136dd21c34f4eec6427a45f5685b6f6f7f3b7fb63c16a2f16e34d3"",""ef26ae955f9990e2b27422630724b4aae6ab35372cc39f271d1ebee539418423"",""2559f026d9a5b1d2b31fe793b158fac761cff74526bafe3010c15b5284739446"",""12a07ac876d81b30eb09b3dce81af73bac6b5647ba931b1f8314bd413e5a9f41"",""a6b52f17f5aeaf4cc89280f7e6a6879d41a6d14a876f5d4d127d706a95dce186"",""290e68cbab694f1361997e741bfee418868af320eb97815fa828d4b6ae527ca7"",""84d595005bc68db71f3ec9eb3fc04f512f4adb91608d49fded0e4d518dbecce8"",""92983e18c13185b90d826b1bd83b79e5557645b449f71f3899ef13230fd339fd"",""73da02e2af852966ef513d9f6aea96da32749069a9fafc37c351b0102be3b990"",""d3c6fe0a89c7bd3a8ea81c5f97c5857e4520a737d52ce52fc738f25d8102dfa9"",""99f462112557866ae54cc420677062d4cca43de7d3d1e04ea35dca3c12687dcf"",""ecf1b58a433c182432dfb100b661aed698519374b63b6695df97bbcf81739a6b"",""8986dff9c5c06e78d274961c20ed148fe1e118361547f37887025d2e2a938f5c"",""536a86cb3c2dad6bc3067c24a1793fc143129c141bc931836a7ad3b134ed3fa2"",""edf02fe716dbf87f09becfeb552f39c1d0b7f9e936d5eeb5de73cb683cb500c1""]"
"cand-3e40bea9-1f43-5afc-83ed-ce30173183e2","COURSE_CONFLICT","[""1bach-mates"",""1bach-ccss"",""2bach-ccss"",""sin-determinar"",""2bach-mates""]"
"cand-3e40bea9-1f43-5afc-83ed-ce30173183e2","ANSWER_CONFLICT","[""y'=−frac{2}{x²}+5x⁴+frac{12}{x⁴}"",""Punto de inflexión paren{frac{2}{3},frac{92}{27}}; cóncava hacia abajo antes y hacia arriba después"",""4"",""1000"",""Baja"",""-1"",""a^3"",""sen(x)/cos(x)"",""0"",""Diferencia constante de distancias a dos focos"",""6"",""6√(2)"",""-i"",""x = 4"",""sen²(x)"",""2"",""Lineal afin y creciente"",""Escribir una funcion de una variable"",""1/2"",""5"",""1/4"",""B(3, 3/4)"",""(-∞,3)"",""x=7 o x=-7"",""x≤2"",""3"",""x=2"",""1"",""-1/x²"",""P(A∩B)/P(B)"",""2/3"",""3√5/5"",""2 km"",""x=50"",""Incompatible"",""200 cm reales"",""60 cm^3"",""-2"",""0≤x≤4"",""(2,-1)"",""No existe"",""3.900"",""x = 2"",""25%"",""Suma de cifras múltiplo de 3"",""3,7"",""2r"",""60%"",""12"",""x = 7"",""5sqrt(2)"",""x = 0 o x = 5"",""Positivo"",""Un vértice de la región factible"",""a=-11/2, b=8, c=1/2; normal y=-x/8+1/2"",""Crece hasta x=2 y decrece después; máximo el día 2; a largo plazo tiende a 0"",""32/3"",""[[-5,2],[3,-1]]"",""Compatible determinado"",""(0,3), F=6"",""8x(x^2+1)^3"",""2ln|x³+1|+C"",""3/52"",""0,5"",""E=z·σ/sqrt(n)"",""x²+C"",""Unos"",""Invertible"",""x²+x+C"",""Disminuye""]"
"cand-3e40bea9-1f43-5afc-83ed-ce30173183e2","SOLUTION_CONFLICT","[""9810c67285b50f083abe57372f0d75de80302b6efe04a92401b3f64860d10709"",""3ea4d23801d0efcd0d9610a0ab644e122740fd594be1c4c47e2ccee701251be8"",""9dd5c79a4102f2674eed10c2f078ad6c96f27d7b93c3f661e62b06b028b583da"",""2e206585229df765007205158e7ecab53e3a4d511bbf7f1534353c704ef4a6dc"",""45e0adca570c187f8b5d86a3da6be5eb356663406a1eb47e7f2427ebf1025cfc"",""8307face633d44240b3f201b3990553ab70431c90b25e04426fd50a0fa87c489"",""e2ee98d0cd8d01bf5eac1b2fda05c4b14dab159c0eefc955d19d214910e4d199"",""8fcda4b78d7c1901bec9a581f52633981c73484dba2f566abc96f8e6ad51666e"",""dd1ddd4f38ef276fc94f9df318630cce463c1bad5b90b3a1de36257d61797d01"",""52e7541226bc05ab9c70cb3e199ecd79ee04d856d1609131676675cb725e3afa"",""9d4c4eed456e3f803d15e2273d2a34155e58095a17fef69826bd1e75d9e91b8b"",""dba76a2a8e4192555b14c5a5d684e479c7d108a15ec6cb1a753ddf99166411c2"",""cb8830a2a61de72f56d24a95a91f96b64748bc25a1167bd71d35b3cd1c19fa5d"",""7d9f7bdea090d45308ea6cdf8b5c6273bfb299ba49c84b50964ef8f4b49bdd79"",""d9dd5849c1255806ae32b9e75bb5a455f457f693a055397738f69fa89f07720b"",""cbbef2890d54e4e72c8254484c1a47d5610e64108b931814f2720870fc126e01"",""66a5aee4de8bd041f4920bd340e35c9a6604da6fed4835e5cab577769dd42642"",""b465093bc24fb7f25435f1ccb1a3d30af823952135f9b25cafe0d638aa3f1dce"",""d60c3ea3cc9eb8ba830f9e05c54aac3c85113a8cd745bc6f1951a06e0cfb8f6c"",""264af019ced33347dc6509fcf001735cd12141577daa23bb686559700503d25a"",""afc35186ec22835853578a5c704c379ab4d9a3e35f7443a276102c161264ed33"",""f33f354d07579138149f27af28ea58d2da0f1365acd3e5bc6ba53b8cf06d83ec"",""84b1ecae8d7a7ad7d609d311bf2e433c201ac0c151f5bbb9ddf22a56a2e5fa89"",""7638cb58d60b3b5026e2d102d2f59247c7e2e701618cb14b16bf7f1125128c6d"",""7e0d76cf17f10f9a2be9c6bfbaae34594572673ea8aef6af25f53cfc9035c178"",""755fd9925444ab0485ad4e60a350c2b51a88d5bf445272b60c7e325d2ee51962"",""00a42d8d63c3d5885dc4aa818c9de140ff273c051e6f442b24a6b4faf1c9ef63"",""476b8b496329bcc4ac576f49f4ccd75782ea756e59c63954d18754c56e2eae2b"",""cd215c7ab28db3c2fcdde6a72bfa716c9992e044e1659fc1799ac0efd9a027be"",""5908d1486cfa2e940aa58777eff03834b4662e022412a9e33d873a2badec6a58"",""ee510d384b810b22355ef2fe3a09ee84c823aa6240478cb9a14b854f8884d472"",""44212d8319b75eab283dac522718a2206f6d48384e9ee9620b2821f7d1d8a3cf"",""02d1803e97dc33daf96e33ddebd0ae95a592ce512af6237903a8589dc268aced"",""49aa45c511d5f6fe26a294a4a8627fce379606804c11f02692f47bb20328432f"",""e2efeb23d4fdcfc72006181180767429b3625e3db78113abc0b80386608b23b2"",""dd42ed9a4783f29caf4c89b659904fc4c5d1fe394f2e6e0c926dadb4b0d7deaf"",""bde91e964b00386966846d58254a563d3bc9ea59a391e74cb7864aab9c00abec"",""d1677ed8a3c8e421819c071a8ff8f15150e40cc83e119d29fbd74d87a3f9aec6"",""470ae3552b83c492dbc867380fab9bc53c04dc22a90255b0526cbd45e3bb5a59"",""5c51eebff2c80e1e983dc3d1c30db2abde5f86e575db77cdef72c0e735fa7038"",""ee0f095fb244919bb153ec5a357d73c662095adecaf650e180d3226002202333"",""8c1bc68e94d14f5d7623cd41c7e0d0ac991984b29a22ce3810df77f14eb57534"",""245f76c207a4e80d7bd682c2dd5d77c66dc08e52697eb4b6cb8071791cb51d91"",""a3c25dcb668a73e01fb5eefef8d36d37a63667849b020df823dab825673dd7b8"",""b91b6e056757c3a7c88287adca052f052ed1249f1431ab6d28d4f72d06608661"",""9c82be6432f91115a7d74b4fac1c086fff2506edb418bdf4029a5d75dfe55ff8"",""41f6ea8919c800bad2fa0ec8f271b00c345131c093fa2a90b7a8ddc794bfd10f"",""8dc504e995919223548f08da7fcfeb77481484f8e6dc5b77e0f3bf74eaa9a544"",""2d788ea364d7ee4c3e67cecacf210d5f3b4b0a87fe3f99f96d592a5fc47823e5"",""b151560344c8095e24f384c6411fd62d64a477e38169c6d94e6fe0071456ad1f"",""a7a114729c568b9ad09103552e690ddd63b28674696e08a8fbc6245e420ead8a"",""5b6bf62919c41a92af2a793779ccb595879ec83a5230be1128f413c5b93e09ee"",""5e588b6af505adfe7fb089df8a36b3ea53e997a7780a855eb0f5d566b3b0aa08"",""97ff566b11ee97821c4f49a74c46f7f4e72892ae1d3eff7cf674a2ce82524232"",""ca9da02785a7554db6ef9c70946f011ddab04c2d670183528887902ceb05e4c5"",""f6d8cd2922f31c115713f4aee4a20d91cd659843ddf9e0a25c73c2fc3fa18b43"",""594c3bd112e3420daac5f047fc4a67c76d828ba2333abedbb557273d7039e304"",""b4925adb24838c65f95c452a1c860c4b91b5c81d015914cd5b64dddc9d395e2c"",""b9906391eeffa6c4d6372ffcc81ca61c60816e99b22f8e15d00d63a87c62be9d"",""8fd5fbff148202e101194d85ebd7aa09336a4d37e195778e6bbbac029b9a1013"",""f8da64a9bf4e6e9c3ff0b4caeac506a7a0b757975b30cc304e94adb2b9c05fd0"",""1886969845a0ddde9926dc586b62f189c00ca3526bc03e5b4bca595b9fc0e9db"",""c369ce2bbf5eb9ee4e81e7d4b84641393b78a35843795f600b519e7cec1f9aa6"",""f00492aa6d63206fdfb2eb6fe7bc6f3ea22d9615147d05c4ab2c06835ba3357c"",""659fd45e1c6740fbe7beb6b44ef1a5662c996075b855694832e525ca36c977c4"",""efc128e76271337f7cadcc680fb18210f9ead5df2971230b1d55266b6d13676c"",""3f71a3db2bba73d77cb8178aa9e6928a68bd10c39754819be3d6e08d663da980"",""7dc84b1796d7b4ae1f3d4ffdac189ff9f0665182d3e0d122e8cd433d1671e444"",""7505cc400b8a0c6128a4b32ebd44430e981bf3c2f6ab6c0b8d18505aa258b686"",""0a8dc59f081bdc24d15e1459b6370d46446d4f5a1563a62949312daa6b4806bc"",""b5ef5d62da14fd98760fda991a16fff4f1d8d42ac73164323a617309bfd2367e"",""24bf96ceacfd42f382f634e9b65fea31a587657f39e5937c9b6bbcce0a1bd900"",""b58dc75e941c590cafc1bc66257bf499ffe215927d0b94a97681e044a692df00"",""08bb57d03fd899830f94c47f82212dd4abe6b000b8fab15e20f6b7d2a3ef572a"",""ebd679be86690898c457f7c0cca45a531a5d85138e2f70efd178afaf24237491"",""e6e0c86eae80b5c70b6e7098402c6d7154c644cacc5f8e6b96b3bfa72371eb22"",""0abefc5a3d20672fd90d064f1c61bacebb210223f0bb5daebf0fdf4e0b749008"",""8698ad14e428267f8cfa32de4bf02d4cfa16469918a2e1361b6a4022698cead8"",""e1203a01520c69f5ad8f32c2c964a66c280f852d416ee6f93c35611cbed58846"",""7f282dc719c505dbc73788399b69de1f97c7ee60c89b533adc6a8bea3862c334"",""8b26d146cbdb239f09477c6b93b3aa7a9f3e4ee9157e6474a32a450e4bb937a4"",""c69886ee3fea180d90257f285807ec7399e9589eeb73b682ed46aebf095eed96"",""c8465a4c60865b38712660a873b96c1bf37f0a1a728ac2803d07ed5af0f576b5"",""8a0209bcbb17e954c0dabaac1c26caf8c8c79735d9e58f936fefb3c3a5cb6f4b"",""155cc73f380004d1e1db301adf9f8d4defd5f3f561cfb4596dea5d27c5d90443"",""a3df98d14295a7c364b58a1f126ed632aafeaf2ddfb251be5dbcddfbadbcb1d3"",""26a2a26582fc47d8e04952c0884238b3d6dc3eff5a3323cc1a69495cc1d96d4f"",""09d08ddc5ca5403ffe4e5b5e73b61034fc6cec7ae40841e0a79354e695eb6d51"",""d77f7a43bfa75b4e998d2167cd1fc02b36172c6797b4fadb59bbda4b555cf16d"",""6b9ae63ca82bb606349d7606c33c7f9ec11303505655454e67fe897e69431f40"",""23b913a3567bd5ed702a3985593896a916b54eb1aac1ae1bab985b2b873f056f"",""2be40e24c54e50cc69d1773c6c22f9f36f46d40402c462e149b27c74648731af"",""2fadc7f2c61f05ad8119fca617fd40c1e2423f9137c0351d482c8512b6eb0620""]"
"cand-12f47196-8be7-5145-88a8-02bdb2782918","COURSE_CONFLICT","[""1bach-mates"",""1bach-ccss"",""sin-determinar"",""2bach-ccss""]"
"cand-12f47196-8be7-5145-88a8-02bdb2782918","ANSWER_CONFLICT","[""y'=frac{6x²+16x}{(3x+4)²}"",""Punto de inflexión paren{−2,frac{−2}{e²}}; cóncava hacia abajo antes y hacia arriba después"",""frac{3}{2}"",""7 + i"",""7"",""pi radianes"",""11"",""(2,-1)"",""Importa"",""4"",""2 - 4i"",""x = 9"",""1"",""10"",""6"",""[1, infinito)"",""0"",""2/x"",""Creciente"",""0,9"",""8"",""3/4"",""N(0,1)"",""1/9"",""x=4i o x=-4i"",""x=3"",""(0,0)"",""12"",""5√7"",""150"",""3x^2+3x"",""x=-78"",""x=3, y=2"",""Opuesto 3 y contiguo 4"",""28π cm^3"",""x=81"",""x≤-2 o x≥1"",""y=4x+7"",""x=6"",""13"",""0,45 < 0,5 < 0,54"",""5"",""Agudo"",""No se admiten valores negativos de x"",""(-∞,2)∪(5,∞)"",""Para todo m real"",""30"",""x=5, y=3, z=4"",""(1,1), F=3"",""Discontinua evitable"",""(4x-2)^4/16 + C"",""2"",""(8/24)(7/23)(6/22)"",""0,5"",""n>(1,96·4/1)^2""]"
"cand-12f47196-8be7-5145-88a8-02bdb2782918","SOLUTION_CONFLICT","[""1ea37b33cd1b735e3219d02a22212c87bfa72b7fdf469262957d9f421417a5f2"",""30312ea168ef8e0d8ff7ee88aa33dd376357718d9925b48f26920242a1cf25d4"",""bf376ba0452f3b9438e27a83182d76b0017b9a18199537c4deea0bcb64ebfbf0"",""10916720ab254d63a91a6d5fa6e4a6f812ebc707edf97828fa095efcafb9f6f9"",""d3c40f0a5a0efb7c9de803d525da3ab44d05421dc332d458bd2492d26d9894c2"",""f13425a56371006910444cea1aea007b72b494d5199b5664fb0bf95f85820532"",""41c595c5502ca940bb60054528bf1f9c066cb642593a27fa999e95b22dbc1ce0"",""6492e6b022e47f7f8b038364d5400481cc1166a16ca43a52a8527ace9ef94cd1"",""45520c34445401a002c611367186ef569068a78c26f8dc8a9073efef0104de1d"",""a5f6e48b9e61a43ff450b10984583a363b939c4c9e73bb932b2e3c8b14d8cdeb"",""a38d1d4e4f37ff1904a359764cb3ecef4462d748a6991407bb93ea7ba4d6e824"",""b956ce234aa9bde4b63605ae90b8842606b5f16253a4bf931bf7ad56b3094eab"",""3e8824953b9fbb5abae32e4a5e5b391f7aef90d9f3f31e06bd0fde9b70c835fc"",""6bf53469cd1eac02b604997d74462fc4231f989212ee0ce1d25ea6a1f05bcccd"",""c85f9ff85f3b8b7e77df6fa49dba70a97b8d7a8c5f6ca34e5955d74a0a534366"",""d6937540f9709001ba8c1009a53314f99602585dac5d1e1c0156488103f10e23"",""36609c45b61eede65780f4579a168dcc24b0f36ffec70485d7bf4e413083a1c8"",""ac93b059dedf981ffeb3ee1fc3f311fc72bb0e8ca081225d2485856559ee5953"",""10b2a2dbb4afc31ed01f22b9adf822761958aca40f153caef33bf660a3e627da"",""1394788c9e1957e4081c4f0f339133b598a3af7027d0d22e01dee50f99c67718"",""0436a9dc9a126d8e0b9b3c144690a75bde18a8236c32f8579a1ddb82fa8ac254"",""ba01267f026ee773d53a6561b1b424efbba5a69d8e121d7be93aae2fd1014192"",""7971463584072b7a1047ef721b9cc423dff39788ae8603205f5dbfe93591382b"",""77094e2c9777f51731ce598af581817c5c5b9d2f67a3d413dd0a54f5ff84c357"",""a814849af00b99d74d250c167b705cd2544f634036b1a5364fad210692bd198d"",""2da48e8e79d712ae191b00753ddfaa205bac0a7354511fdf45a206420d60d0f9"",""65b410f4f825a6cbc383cc646db157d2961b633afc8b4c9607ddda82f2673aed"",""cb953a1959c5609ee9d35f743a4ca8c5f2475b30fa3767d860b6e16988769fc0"",""ebf296f3fc9850afde6d6f121b164bf84c37d2cd99807ad0fe1a2e4728dcbb69"",""790397df3dfe0824a89041f0c67ee2337d3cde6eb070e71833b71e64e6674db3"",""872676a8edcc80ed7479d5d18e1eaca0dc9cbba20a60848701761ec641e5da72"",""549269068a991e8b6e40cd00f6e0268a6e2af8ebfbfe3eeaff7ad73adcd579bd"",""7f43a101e467683ae9acf59572737afafb90d7c26df60036c411a4222661db82"",""6ee1fe656652d88d8d920fba2652fbc72ae6c616c6a18771b47f51ea65d57ece"",""0a95f4d99f029fa7c0e4391f36f84cefb0a1c72edb50c3a9ac86b0fcdc359329"",""aeda31ba3220de4f5df6daf52fe4f446931d561403809a8f4547cf2b10518516"",""7b49862c198827a4e57acdc992329e22ba4dd502998c899982ae7f5cc5c93db7"",""b21a697e116f1d404f2b169786488f3e68e55ecf1956d608ffd22ff5e3609583"",""a15ea1e06101d638d61fef381e09112f6443fba5b0763e7e15d52228d8fd1e22"",""6d43ef402a22a0ba39f70ad96e15639e93ad1bba5bf2e49fe491807f4abd1a1f"",""871bc5a0a3305895d65eecb6330ca1967168c3baff87dab1d861f7c4b96a72f7"",""dbf8aa78c7f55f3b05297985db8fab4aef87836d5657780fde40e6b386fddbf4"",""78f166e6d31064426eba12b2d567fd48b2eb8af40386f985adba1ab7932d66ed"",""e033a014fd80c9253def8e0b876b3e4649ac9a69a525346250eccc49d0c0aed6"",""b7c93249f71fc1ae7b4a51bd92abe81f243d436ef53a2e493ba3135fb2ca93b9"",""5ea961d27be842c77479766e3e504943b3de7d7bcd52fb30d6953321bb538215"",""d79a6a50f2527ae8a1ee03578f005d2f920b9fe3e048c8f24a56f85b2472f5ef"",""b08b5cbf14b6c67275d4579769f171af4f6173b6f87e46eca6df2df8fe440d96"",""0a65818ef42f5a268947202a2cd67b7df6d8d9901b8b9ee15e73c75fe7a41d89"",""23b73f152e64a3459dfb6e63896052fe893ffa2fc0cc2c00a781f6dac7473860"",""e6ee785a37921896f49b542f7a3bc251cec5ef303b6da3f6e8f44e19c1ae7749"",""27087623bfce17f7650130e2c5415c0f94b42ee910253303272bd858908eb0e7"",""d5e7f897e43fb4ad16d464be665af1dcaad60d1b66b9282314a8158c3200f70c"",""08f0d908701af35af9f4ad0b0034e69125524068e42b1cfb7af41333af1e751a"",""58835a608639daa22b3ee4a48dd9f9b9c1cb2426e313fbe96f3fb4c9e4d9f332"",""432c3317a3e9f8ec23c048ce20bfc93958d4d8d9fc634e55abbb9966ea168419"",""216fba157c3b527e6c9e58eeb805e61ddd6f95a650c3a5647502566b6ea373a8"",""9c83b47026fb3a959e97ddcd5e25ea917078627a8da06eb8c8a94382b60edba9"",""e8356c19fbdf4e8c0c14c73b0cbfa876068ed3ec1ec35f56844517875e4ffa79"",""5396e68b7c420f7a33030ae2eee62a4619414a7f1666ba82d102ebaa3865bc5d"",""1dc80ceaef608fe81831fbcd2b02976b3d2d368cec140530ff4bca2670f960d9"",""ebf1d57ec462d402b88e58f1cf73a8a41a2957779ee6c51b5ab19561755dc1c6"",""62c66fa26674dd699e1ad6a5caf218c197435a3ed449cee8587ade32925c94d9""]"
"cand-58b49ddf-4ceb-52aa-9354-cfe4f6219992","COURSE_CONFLICT","[""1bach-mates"",""1bach-ccss"",""2bach-ccss"",""sin-determinar""]"
"cand-58b49ddf-4ceb-52aa-9354-cfe4f6219992","ANSWER_CONFLICT","[""y'=frac{6x+5}{2√x}"",""Máximo paren{frac{1}{3},frac{4}{27}}, mínimo (1,0) e inflexión paren{frac{2}{3},frac{2}{27}}"",""−frac{3}{4}"",""4 + 5i"",""(2, +infinito)"",""4/5"",""10"",""5"",""3√(5)/5"",""2"",""x = -2, -1, 1, 2"",""Segundo cuadrante"",""-1/2"",""5 y 3"",""f^-1(x)=x-2"",""No existe"",""-sen(x)"",""Maximo"",""1/4"",""0,5 €"",""La desviacion tipica"",""3√(2)"",""-3"",""x=16"",""(-∞,1)∪(3,∞)"",""Aumenta"",""1"",""3,108\\overline{23}"",""5√3"",""40"",""3(2x+3)"",""x>5"",""x=2, y=5"",""Iguales"",""30π cm^2"",""2<x≤6"",""y=-(1/2)x+1"",""(0,1)"",""El denominador se anula"",""e^x"",""No tiene límite"",""2 x 3^2"",""0,25"",""90º"",""a^2+2ab+b^2"",""El lado mayor del triángulo rectángulo"",""La frontera de una restricción"",""[[60],[44]]"",""-6"",""3"",""Acotada"",""5/2"",""6x"",""2√x + C"",""0,11"",""2,1"",""Se hace mas amplio""]"
"cand-58b49ddf-4ceb-52aa-9354-cfe4f6219992","SOLUTION_CONFLICT","[""53b4be266cf79dd286c687f21be74da4958dc45c51e7084687f660e3263a70f6"",""03356b30a0b28d7bfe36cf65a3514931b036b639b880b5c77c46297991537ebb"",""54fdaa4aa828311c0a6189f531e2adbe2166f91dedd0ed9964ac9f11558ca6b5"",""7d19a98119616e4c19e4211045afb966f150579ab16293d846ab6c0f00ad0dfa"",""5c1656613c72f11568961c0c2d63d684db9dbf4719b482567870c9a8da9bd661"",""353113058f70a23334e34804628d363cb21e71a5121ab470caee12bc4454dede"",""94f227aadcfe82f4f49d64df3d6360a53c78fec26ff6fa7aa210255de1bf592a"",""753974e47f3700bc844162b158b43b31b03b89b96ed2353d191eb4a1271be278"",""9d871741ecd4df37885438fe6286370e201ff3fc33e9fd305000ba05c13c5983"",""ad29c2b6d2ec2a435cf73736834d442ae3772e75066e56a51b3de8e458840beb"",""c25ad2ed29b831ea6451d73649c17fd0fcb02978944b809d7885ece303b5a95b"",""bcf6b9a88e80f5eb6d02f3f2452cb707cd3312b1f36f93a623d939f342f522d1"",""fa0f67a14c5e1580f1e8a11011542edc0e226be2da42606ccd76d7f1ae225ddc"",""ff37cb8a43401392a2e83105d4d04160afde1e12ef680f8aa9f61025a5b577f1"",""ee525c85123297aaca7f0ab668fe9a0afe43845c126419477a2091e9999e6588"",""bb9f1c89af9aa2b7a0f0b24f99edccec7e449756ba868cbd5355a035ccb8bed7"",""b8ebec957b68d1ada9b64e959e514656eb66bfa8395cdc1e8a17e54c844cb188"",""da3d0ff6c5208d4d84b9e2bd2381e2c06e86da9343805b27b0b73c90f98b0c05"",""729f859150c0fe6c28cde557bcfa836e1aa77a5b23a57b9e2c5cc3710c2e1857"",""13e884fee7d7f1407bd2c8fc5ccc6d8d90415801f13f5b318095730c90e4d5cf"",""3dc7841d6f65e0c72c73f834ed0295a3acf0ea9e90ab068b10ed6828fe90b199"",""9e53463ed6a1fc98aaa93880e34b68ea3930d22ef558cfffd4e1d16121b684f6"",""e4aaac96d71ed0dacf91f077b8fc23344e6e77f56259cfba87726859a1a06e0b"",""5ca4886d9df7887cdb23ecab1e679c6312cb96ea8c46206eca4fe8d032b2e91b"",""535ff903de231de3a2dd0d94e7cfc1038c01c1908947db342fe1fb49537b9fc7"",""4368f020c7e76b98e135d96dc7875b8078c393855656e3c9d209dcd7c9379367"",""febe2914071cff9608db50c0758d899d20dd8511c04dd174e333c8449ba2064c"",""025150e73cecf5aa9dddd8213876d8cba83825fab6b4d81cef2411d79fa96b8b"",""27c3273d200e5eedcfdeb5a838e6bb2c2472f56ea136944d2f04d46d1460e326"",""af2754aa90295a03165f37ccb21c89c5edd64c85c1a99d3dd30f0816fd57b5e5"",""39d96da006eaff67db814bdc29b385a903a17e2979f1b29a41a935207c1312fe"",""9a75bab746e608acc9e8fd665cd91e657ccc016e8edeb45400b6a593627650ef"",""99d7e8ebaf32d87198641af2fae03ea88e37b21b195314917ada04c11627517f"",""775b4188851159793684cbaf62bad05e05f32e6804a77d5357d5b56480854051"",""90ae1bfda3533f533956bc02b4e87dd966471e19107d70e85993075227a89bcb"",""72378c5b0c568fa7df82e3791176091908d897ea1e4debcdfeb2069dcc5402fb"",""c679aa86bad2b8d9a2ac5d3339ab50729364f5ca81f1e76b4557c564974517c7"",""99996ebceb0af46746db28f0619e720150135f39e46766bd8e68fa39ce31f05a"",""b8c00ebec859ca546df54989418413a46a47d672e59e7821c2913f912f8f81c5"",""9f617a9e70b061a67378870360762d72e53662af179cdefcb03b4bdae76f290e"",""aa67398b9e900e9866657aee55e0ac71c3a537037ec30b1a0b9bdd24dc7fd5fe"",""0ab9d12f737599b6d25569dc03858b18024f634dc555ba6c8a2e340fdacc401d"",""8c0bf7bc596a29bdff2a571e4fb01956562c72a6c73e2ce9af7de696a6033e58"",""92a79a768e519a0e11b656b1ced63d2c13b673cb1a7e8bd72425b88bcf18580d"",""62d7737f2f5a9468950cfe83e33febdfa0c442dfca834d50d9c3ceb5a0351b9e"",""96c71976932d0b1bf8a2b6021c3af4f2afa0a58f43e751bfe6b9a8b1df1b8e0a"",""df3070825863edbc89a6110feed5de00bbd92a3b107df00adaf02ba2a5e5fc65"",""3417cceabc04544bfac2eac866434d624020f43242c9ce7655ba72bb75a79717"",""c0def7fcdef6c4a7894701b649cb8b17202c0b883db51f66e7a970688ba11121"",""c6a35886bec4db4ffc8ada4f98d60cf5fcf07bfe6cdc6ed640c86acc9d35e35c"",""c25aa3c65103a56e0e9fd4882d4be1f170956b8976ca96162715c771ed9241f4"",""d75083ebafba2a1395c7a6f35c99f51d22f5fb72a40f15b576525540bbd19b63"",""213d00180503522638811fca56726ecb7f186e6088170be2d63176bbaa9c6a29"",""9894397f15f824fde7b66c9393055ade475a4a9259cc0e61ea9159fb99fb22ed"",""12c45cd333d80ecc7e9a40365f8a7cb5b7dc47f1f956a279eed00f9d423e1f04"",""178831ed02c77b333e6e1787482254c8fcbacd0c3e90f94b0d45f5c163414860"",""1111bdf9f73e9c5b3ce93780064db47b35d8fb03193b2ac9b732cf8ee2993a5b"",""9a3c075e4bb87d6799698dc26564ae9b5c567f8d20601c2e72b32c9aae298ed2"",""13c41ea4b6b98ac60abbcd11bd863d5fa6b6d654a1d69f3da79c549c90f6a5bd"",""778f4c30adeda9b9535e842c409a4f33d3a2d3dd470acd9e6d33b741813912fc"",""05fa0e888c6098c621d1e2dad077c4538b9f425ac7c4ec7078a4477664512355"",""0e95b073a8ff6210c2fead73a9493361b377fc26b522706745af0cc53302f28f"",""0a4ab1aa023e1e1dfdcc899ee8602532c5b1ef30264f5af5ae0549ca9a4c37f9""]"
"cand-93ec61fe-3e54-5821-98d8-5f5eda928647","COURSE_CONFLICT","[""1bach-mates"",""1bach-ccss"",""2bach-ccss"",""sin-determinar""]"
"cand-93ec61fe-3e54-5821-98d8-5f5eda928647","ANSWER_CONFLICT","[""y'=cos²(x)−sen²(x)"",""y=4x+6"",""0"",""Combinaciones"",""5"",""x^6"",""3/5"",""2"",""La parábola"",""1"",""2^8"",""x = 2i o x = -2i"",""x > 4"",""y = -x + 3"",""(0,0)"",""6x(x^2+1)^2"",""Minimo relativo"",""Independientes"",""Directa"",""P(A)P(B)"",""√(npq)"",""N(0,1)"",""5√(2)"",""-5"",""x=3 o x=−3"",""x≤8"",""(-∞,5]"",""7 y 8"",""19,20 euros"",""x^2−25"",""x≥−4"",""Compatible indeterminado"",""8 m"",""72 cm^3"",""10"",""(-∞,-1] ∪ (4,∞)"",""(0,4)"",""f(x) aumenta"",""lim x→a f(x)=f(a)"",""1/x"",""125"",""3 centésimas"",""24"",""x^2"",""13"",""No pertenece a la región factible"",""X=[[2],[1]]"",""Incompatible"",""A=7000, B=8000"",""lim x->a- f(x)=f(a)=lim x->a+ f(x)"",""y=2x-1"",""e^x + x² + C"",""16/3"",""(15/20)(14/19)"",""Z~N(0,1)"",""Aleatoria y representativa""]"
"cand-93ec61fe-3e54-5821-98d8-5f5eda928647","SOLUTION_CONFLICT","[""54b01b060952a336d2aace2b0287682910a0d9f20bb3d3bf2ea57d7382dbefaf"",""12b359d59a1eac899d7158b44c783d13c837e4e4915bf8409140eded7f678bb8"",""54bd9725bf24a07c4c84499994b57671059104d1b3eb41754db51725183bf983"",""cead57b6d8d5f5fb39bac5cc97e52e8e2d43b731e1a4505df4926af6185892a8"",""d652181c254e16b5e3434a8472f1883f44331afec7f6110d9131e54cb98a1ef5"",""d5b56988c6cb098237e5c8cd7ddabac02689f06fa3759b4524c3b9670695b308"",""365504508d6cd6c09bf9f25fc7cafa79494ef04be875b65af4764a236c64fe88"",""63a8bf6db3821dc7e5eea6b6e53bcf0f6ecb0291165fdb1ffe5fee0de560619a"",""41afd44d79580029938b2029f4f6775f9cd731e7cf0c7a429b1a987a5d275098"",""236a66d2a079ad71bca7a57e4ce86bdee7e0072241ef9f70ec89d7604b0ff90a"",""14752febe37246f0d21845fddefe36a5a4057cda5bbc145318d5130d314f6b0e"",""249520d2e252e88812faa4a2f0881715f848a7fce3a37d586d25563da766f8ca"",""5a62c9fff63663852a2e3d81f9a65edb5eaec6ace7da68348a1b71202c2da19f"",""43d5457f0e1b5139ffd29c8aef7859a528d3d8a1d1fefc18c9e3a98fe5c259e9"",""e21303240039947a36ddb7cc09cf02ebb212f1c263549ce976d0fe8cde824ef5"",""da7a0010476ef089cb6c17a71bf6f6804ad0506479fe86c5103b922ea996f462"",""c30609f84bef74f59b88afba58934906ea458051708d08679d90aa9924cb14ee"",""e7653907a4cc3bea1cdaeaf0ccf5674af5984d1e187a3f10bce7b2fc3dbbdead"",""062735c73ef896a8910f57cd54afb602d701fb7b0983fbe9c49174a39cf672b9"",""edb1c63aa8b342d392fb808c084c56b013061d2c5b2398b96ae8ba951049b9e8"",""46ae3eb6c878782f87ad293849cde87b87daa65f2e68d208a43643a4c2b861d1"",""fa80902ceacb4f396b5faa4443603796094aaa7e29f1815f707d3542c086ccc5"",""6926cb54827d03568c02df5d8b0a6ac02215af4fe6e54a090b7db086bb6b0a8f"",""3f77bf5de9c3986645ad3fb233cfb82171d81b53cd2b15fd722b1b32126baf21"",""587385635c9a5f406f89f16a2d7baa4db6f86b1e99fd1506f5b856c8c350fcb4"",""cd77b9bc8f0cfac96751727908754a607264d91d9633505313a09baef4d9560b"",""7d925d95b78b60635295aec53b3ee76cc6f78dc89f7b17ad2aa8283d0e05291f"",""18496693c77e4b6f6c6cf5d85ec7c531d725f1e0948db2ea43012885e14a9325"",""11c72798fabe331b9ab63727c3c9465498e76c2ca14e4cff3ff65823be3d94bd"",""6cef90e6ce9433422d76be7ff31342a6d103a57f42ac7601a569fd1953ed86da"",""27733b2beafc1b4392f1cec82789681d5c40121e0862381d26577272f935f06a"",""6eb008a3d3cf5d13fe5d2bb5f5a50cb928b096a4e94b6cac98f1522ef03554f5"",""eeb7c01ad030b77cb2e9e8b8d89d7db04362928e8eb048c30a8f67ade2977b7c"",""c892934da0804deb44da67e3c07293567cd5dcd3c2c1ba588c7b3dc3491691e3"",""e480962f281e41570df8ca33ec85837e882bdb0ffcf492ac469a9cff24e4bd08"",""0d2ab536eefbf2ebf98466de926e5606366f0eaf2641b591c2065734aefee8ae"",""e2649ca371bd2f4c4431d080a710dc7809239a9f975d92e9a1137af328198c91"",""d8bfb9997155c4cfec24158ae0c30ded10a67edaf78304f7c35771fdfce061fe"",""d5f86c4f9ceb0e078f31cafeeccde528892e7dd3cc228997db772c544f73a31b"",""517ae6a7323a3c8d58cfebdfe7570597de3cc0922c5ec780f598d6309a3b752b"",""df5831b617d39670d225988fc29f0c981a39677c79c67e3afc9764a5d0198973"",""4d443abc315e1fd2368dc2b23f625f0d8e10d52f31b228246837a4dcbc4d609c"",""cea4e33a86264d68db4e7ceaad0b974e42e228f41710178f744486781a127dcf"",""8d0449a1fbbe570f8e021a5e4dfe39f3f22b92447c366865288774bddf8acaf9"",""070b3420e6026f60b13e2463d30be599dee9c78d4421d4d8014a9438d0a5f011"",""79650f6b5cb138627fe0b9ac7a35fd43d83c94d586d6356fb598574cf1e8c393"",""1a04aaa0efa7186b83e667178d26c6699385ed2f96f372262f2b9f5d7ea6727f"",""d49b383c44c9d62fde7ca442d94debea7c4b70450622fda38562b51b1991ca77"",""f6451bf06181a19f432ad440d8c155b6541ead53d72388838a3b6cce13081e75"",""15f77042e0acf18f7492bc616b8158baff171866c9f2b9363bc6dd5f5617ae19"",""593e72e911ace5cbd6a1b7d96c8b00a0ccd38856a2f7d0d15624305398dd912f"",""0f1f3633bd66c94a1c558ffffea78d50797f0792c686093ced30aab46fc7555d"",""949ad3a6c3ab4157b06548eb0227650e35de949b0d503a1190be399ef3020a9e"",""f35a4fb3cdca668dbb03239d6c3d8e2676de63b15ca1f1b98f84ea54f79ff3e6"",""25cff41c13e6414110cd9e64998e0ed0f296be77c201ac42efc4132421a919ea"",""139b7e53d08d29f14ff6ba2c1393ff2510f34df3b37f7cf89fd6b5235cda6b92"",""74b4374dce2db35ae2c973606efaf15adfd7f7b937dfc3c4144528093073d6a2"",""2589c88dd0fdb762f9985310472fe9bc4ecff5557ea3d1090dd8c3921600e855"",""409b18cb19a9136933bc8bd222800b2b9f3fc2bdac9c3cc425179864151b3a82"",""4edbfd5f9c990b9e8bacc5b3b99d9bf9fa60d99cad43dafa293c5a38b26580be"",""9c6d27a86b7eaddb1ce412e70f0b772bc830c331ce3bfe254ab3292255751eee"",""835cd89dbd4fa00b6b2b039c743de88d0067d9bad7f9053282a70fbaa8121f31""]"
"cand-d0a4bfd4-ea50-5642-b30d-48d520752578","COURSE_CONFLICT","[""1bach-mates"",""1bach-ccss"",""sin-determinar""]"
"cand-d0a4bfd4-ea50-5642-b30d-48d520752578","ANSWER_CONFLICT","[""y'=frac{1}{x}+frac{1}{2√x}"",""P=(5,−16)"",""0"",""2 - 3i"",""Positivo"",""Paralelas"",""A la misma distancia del centro"",""Aparecer más de una vez"",""x = 7/3"",""x=4, y=2"",""2^7"",""5√2"",""30%"",""5x+4"",""x=−3 y x=3"",""x=2, y=1"",""8"",""50 cm^2"",""1"",""x<7"",""(3,0)"",""Arriba"",""2/5"",""x=2"",""6"",""Ni primo ni compuesto"",""3,7"",""La misma forma"",""7"",""Tangente"",""Evaluar la función objetivo en cada uno""]"
"cand-d0a4bfd4-ea50-5642-b30d-48d520752578","SOLUTION_CONFLICT","[""853e8a2304bfc048d0b18a2f4ca96c58d6df819cb3c536b3f6532c0a117fce34"",""1cc4e22ae31c9901fbe605a585298db38c3788a13efdf275b6fce20d591f7bca"",""b6dcb86e2470aec74ea9b13010b9d6e89befca3d681e4e7c3c7a9185072537ab"",""17fe53d58e878b9ca45d59c8e4720556be6d5aee80a8d2c431b67d4f59105388"",""17fbc4c3bdd7ca19fc19e5b85b61d0e43b5bf5bb78190d11de7652dd3c0d30ac"",""7e1ffdd27ede221f1f96c3534a740d24b662521e001a62e3669131790d56e3a4"",""cd53f0f60fc2bff889090db08138173bc92bb4d866b52be7d5ef2eba7720c685"",""56c32c1ac0c039534c7b19542f44e9cc7fd38c956cd2bc92f0b6fe881a4e5f29"",""dcde4d9166568b0ded4af6c9bd6799c467abaa46feef90777288d9a50f149fa6"",""3b50bf0b8af1966e8ae486efa1fb134b0f01d87fe8db1763977dcff6db329598"",""3e01e3d079736b5b4b2af35a04fdcdcc8260e7cf7f010e938c25518bf0b27dcc"",""c0d82dda917e36f10855841e20ff4a67df47362f7f73a5a720c406724ee2c9f8"",""5aea08c62325d860c80d5893c4a95e0850e65639360e6bd58f2f5acd121cabb6"",""7f974cb9c1ba576d4863899b96b8d2c84a959b4f45239534de7ac320150aadb6"",""23c3503df2a4f0f062d560437aa44143ac176f1a726223169e40aa291b64059e"",""d8da1a085dbc0ce447592d8283f0314827239d683492bde2b115d9c2e08dca8c"",""f7074a7006b33e85189565e8911c8dc316c1e9c6150efa15436259bd2a0bd0d8"",""06970376a315315fdf57caa3cd494e7a9b2e8f13a71bde93b80b7a05f7449fc9"",""c9e1e4002b5937245454e40da0da17bb0f8eb4a728406122e10b5abc60a6710d"",""f4234af930cb44b8cfd034ea0daf51ed4d38c22ad95679baa2121df9edcc6b64"",""79bb4186145f58b2329968d473a68f6a6b46e7d44fbfd1d9c6c5a7d24841dd80"",""989074ee8604c0f82e06337ccb8ab635872bbd9997508d2237da661bc0a8f4c1"",""044eb98720bd4bfa88f38f0357d1571627f760fe932579e83a282de58dc1e1bf"",""35e18619f7d3e0d7ef04ee7c4afbb24e8aed7def80f401a1acf130160f342f60"",""de9b44d20a4bf81fbffb28ba07dd79e262adcb5d08b09085eb35e1308718c8ba"",""33884e4dfbfd43d90f950c313fc971ee9bb863a876bd5ec83ac6727676846836"",""ac96f5a0f417954e81d790a038e12abd5ac548030624d81d4162b7bb9194ad75"",""902e488cdaf8a5187c5ea31ded673daa70e738ca456259542a8beb3b982f162e"",""2c58cc5220c86ac28d900b3457541cdc2ff8333c5d87c5ddd16536ef148480cd"",""dbb3a86357c92723185e85e120f4cb7464c1a44cfb7e8b3b496072af4c662446"",""f4e648f8359c8c1516e292c36cb71b615c7ef069a09df84b6005f362f9287306"",""aeda31ba3220de4f5df6daf52fe4f446931d561403809a8f4547cf2b10518516"",""1a5a6147138aebe9262565af42f22af8952c386b60fb9d0060ef760e3c7f90e2""]"
"cand-f49e1543-15b7-56a3-8568-95adce50d3d3","COURSE_CONFLICT","[""1bach-mates"",""1bach-ccss"",""3eso"",""sin-determinar""]"
"cand-f49e1543-15b7-56a3-8568-95adce50d3d3","ANSWER_CONFLICT","[""y'=2x−9x²+4cos(x)"",""(−1,4) y (3,−28)"",""−∞"",""x = 3i o x = -3i"",""√2/2"",""45º"",""(4,7)"",""Una elipse"",""Contar posibilidades de forma organizada"",""2/3"",""No hay raiz real"",""750 g"",""2x+7"",""x=0 y x=5"",""Reduccion"",""2,5"",""8"",""0"",""x≥7"",""(3,-4)"",""R menos {-2,2}"",""2(x+1)"",""Tiene límite finito"",""6"",""5,28"",""La línea curva cerrada"",""Factor de P(x)"",""Un triángulo rectángulo"",""Todas las inecuaciones del problema""]"
"cand-f49e1543-15b7-56a3-8568-95adce50d3d3","SOLUTION_CONFLICT","[""af94fa9864404e0cc78078a697d97ce07d2ecca3c0f3071c4ce9e31fc445c53d"",""d261517b544c952febab571cb156130598783b87222b2091822394c22fb71ab5"",""8fb012be783cc21fd40ff887f9af606481cd98f359c6c4ec54bb64ef29b0caa9"",""553f8f0af18b35cd22dde437a8a9563260dc3a0342e30ab16484634306cd7c40"",""a350bfee740c1f251eeaf9629134aae982ba8d78b8b1340c61d9cdd9c24c98f6"",""83c7cff3ef683495c99aa4cbc7a7866e14a972d7acc851e7fdf4ae35c41f5e31"",""5a7411a51173fd5e63f41e11fe6125a5d1b52776d597094876e57b677b4fd17b"",""866602d3f350f3aac0471a77f1996427cfc596c11da290f3630b1f2bdd0434f6"",""4b6767dcb269e300fd506225d3e1476c3ed0646dc000b1d80f6f3f39ae7d3033"",""bc4b2450602a06b5c9168b96053a0a099beafed8ea73c05511752c17a29ff5d9"",""d13aafd7a522856ee19bde99e04d40c02670fc8f8287fe7091ed3d44c81b5973"",""d6988f52f57e79884c94906121519cc9953a40edc1a3e54bb4c8426b733a860c"",""e03797543c88d8d43c92039325260ff97c567deca6b85360ded63cf3056c8b9f"",""ddb04c824df6d89091686bcadf565107d3c32f107baf19f562fb590cfaff5435"",""9ccdb7b0fbecd69804c3584e07166ef8b22f263ddc83d52878a6025b8f984aec"",""79dd3852ab76f2410ffb9ab2ba8cd1380d3604d2ef396fb0787c552703450bb9"",""f52179fce22ada99161945024dcdc6c55effc132a7142db24f7509307fddb4d5"",""dd78c311f2a9de86d5abcd4f6a5299883ba83d733ab164b411fc84b4f1209e31"",""9c6e840be1a0ae78c51252189a5243c85f7e0dfc0ea6535845cacd9dddcd5187"",""b7cc385cc06bb314586dc4b96f5a464de23a0302681e12ad2f762544a56499c6"",""90c67dcc79e28c7e3bb43c19a1bf169241c6f4e2ac8f53db73dd73b675e22750"",""59c037d983b742a7570d9411a6ba1484a90f92824e9bbb6edf3e474070645957"",""e517da5bb0f313d425cece6505539d742e3943204404a7c48cb2a90971006b75"",""1ca7de2eee8788e54dbc170fc1427d0bbf7c38cc86b8debbafeddfa6c6df9ad7"",""fedd429db42e3a20d72c1e6372127d0e7b6e07e2b63253ae449e47fb73415bd1"",""c982a4054db54469de67fb3d2800ff68a60bd0a97a4dd4b2b9c9ec8615d5ab47"",""1c9986f909b3eb97b7028c723a55727ab47af41b38880c151cdeddf3aae2ff24"",""3d98bad50dae6355a26cb50c0609675b39fa6dd20137948c525640673ee2280a"",""f662589d1c45ffb033da0b9c07649eebf44c573f1d4b10f227774a02df6199ed"",""fd1d9991fda50a81ba21d7adc9a1adace3ae92445946dc78276e910c75820d5c""]"
"cand-4dd5a5d4-95ab-5edf-8104-748fe8e9f806","COURSE_CONFLICT","[""2bach-mates"",""2bach-ccss""]"
